id,ID,X,Y,ELEVATION,NAME,FNAME,STATION_TYP,geometry
myGeographyPortal.35,B1VEJATT,17.6697,48.8553,961.0,Velká Javořina,Velká Javořina,TOTAL,POINT (17.6697 48.8553)
myGeographyPortal.147,C1BRZKTT,13.4892,48.9547,1154.0,Březník,"Březník, Hraniční slať",TOTAL,POINT (13.4892 48.9547)
myGeographyPortal.154,C1FILHTT,13.5192,49.0294,1112.0,Filipova Huť,Filipova Huť,TOTAL,POINT (13.5192 49.0294)
myGeographyPortal.165,C1KNSTTT,14.0119,48.8472,1126.0,Knížecí Stolec,Knížecí Stolec,TOTAL,POINT (14.0119 48.8472)
myGeographyPortal.167,C1KPLATT,13.625,48.9572,1018.0,Knížecí Pláně,"Knížecí Pláně, Borová Lada",TOTAL,POINT (13.625 48.9572)
myGeographyPortal.175,C1PLCHTT,13.851601,48.771198,1344.0,Plechý,"Plechý, Trojmezí",TOTAL,POINT (13.851601 48.771198)
myGeographyPortal.176,C1POLETT,13.3958,49.0642,1312.0,Poledník,Poledník,TOTAL,POINT (13.3958 49.0642)
myGeographyPortal.180,C1ROSLTT,13.4167,49.0156,1096.0,Rokytská slať,Rokytská slať,TOTAL,POINT (13.4167 49.0156)
myGeographyPortal.236,C2POHSTT,14.7028,48.6044,932.0,Pohoří na Šumavě,Pohoří na Šumavě,TOTAL,POINT (14.7028 48.6044)
myGeographyPortal.349,L1CERCTT,12.785182,49.384633,1016.0,Čerchov,"Čerchov, Čerchov",TOTAL,POINT (12.785182 49.384633)
myGeographyPortal.356,L1JEZHTT,13.184692,49.168686,1343.0,Jezerní hora,Jezerní hora,TOTAL,POINT (13.184692 49.168686)
myGeographyPortal.362,L1MARATT,13.73075,49.58855,782.0,Marásek,"Marásek, Marásek na Bůrku",TOTAL,POINT (13.73075 49.58855)
myGeographyPortal.367,L1PANCTT,13.252276,49.17722,1189.0,Pancíř,Pancíř,TOTAL,POINT (13.252276 49.17722)
myGeographyPortal.434,L3LYSITT,12.651237,50.022636,980.0,Lysina,Lysina,TOTAL,POINT (12.651237 50.022636)
myGeographyPortal.455,O1CANTTT,18.7958,49.6792,974.0,Velká Čantoryje,Velká Čantoryje,TOTAL,POINT (18.7958 49.6792)
myGeographyPortal.464,O1GRUNTT,18.495,49.4908,855.0,Gruň,"Gruň, Kozlena",TOTAL,POINT (18.495 49.4908)
myGeographyPortal.485,O1KLINTT,17.1967,50.12,1099.0,Malý Klín,Malý Klín,TOTAL,POINT (17.1967 50.12)
myGeographyPortal.513,O1ROPITT,18.5597,49.6169,880.0,Ropička,Ropička,TOTAL,POINT (18.5597 49.6169)
myGeographyPortal.518,O1SERATT,17.1075,50.1883,1320.0,Šerák,Šerák,TOTAL,POINT (17.1075 50.1883)
myGeographyPortal.520,O1SKRTTT,17.151505,49.999157,876.0,Skřítek,"Skřítek, Sobotín, Rudoltice",TOTAL,POINT (17.151505 49.999157)
myGeographyPortal.541,O2KRALTT,16.851393,50.204171,1369.0,Králický Sněžník,Králický Sněžník,TOTAL,POINT (16.851393 50.204171)
myGeographyPortal.574,O3PUSTTT,18.279722,49.4917,1014.0,Pustevny,Pustevny,TOTAL,POINT (18.279722 49.4917)
myGeographyPortal.584,O3ZDECTT,18.0792,49.2444,730.0,Zděchov,Zděchov,TOTAL,POINT (18.0792 49.2444)
myGeographyPortal.719,U1BOURTT,13.70631,50.68494,860.0,Bouřňák,Bouřňák,TOTAL,POINT (13.70631 50.68494)
myGeographyPortal.748,U1SNEZTT,14.10717,50.79367,716.0,Sněžník,Sněžník,TOTAL,POINT (14.10717 50.79367)
myGeographyPortal.24,B1PROS01,17.134722,49.4525,214.75,Prostějov,Prostějov,AMS,POINT (17.134722 49.4525)
myGeographyPortal.52,B2BTUR01,16.688889,49.153056,241.0,Brno,"Brno, Tuřany",AMS,POINT (16.688889 49.153056)
myGeographyPortal.111,B2SEDC01,16.120556,49.170833,474.0,Sedlec,Sedlec,AMS,POINT (16.120556 49.170833)
myGeographyPortal.294,H2POLO01,16.322222,50.350278,747.24,Polom,"Polom, Sedloňov",AMS,POINT (16.322222 50.350278)
myGeographyPortal.306,H3CHTU01,15.386389,49.940833,238.2,Chotusice,"Chotusice, letiště",AMS,POINT (15.386389 49.940833)
myGeographyPortal.330,H3PARD01,15.740273,50.016111,224.21,Pardubice,"Pardubice, letiště",AMS,POINT (15.740273 50.016111)
myGeographyPortal.430,L3KVAL01,12.914167,50.201667,603.0,Karlovy Vary,"Karlovy Vary, Olšová Vrata",AMS,POINT (12.914167 50.201667)
myGeographyPortal.496,O1MOSN01,18.112778,49.691944,252.8,Mošnov,Mošnov,AMS,POINT (18.112778 49.691944)
myGeographyPortal.605,P1PKBE01,14.538056,50.123333,284.5,Praha,"Praha, Kbely",AMS,POINT (14.538056 50.123333)
myGeographyPortal.613,P1PRUZ01,14.255556,50.100278,364.0,Praha,"Praha, Ruzyně",AMS,POINT (14.255556 50.100278)
myGeographyPortal.739,U1MILE01,13.93083,50.555,830.5,Milešovka,Milešovka,AMS,POINT (13.93083 50.555)
myGeographyPortal.10,B1HOLE01,17.57,49.320556,222.25,Holešov,Holešov,AMS1,POINT (17.57 49.320556)
myGeographyPortal.63,B2DUKO01,16.134444,49.095556,400.15,Dukovany,Dukovany,AMS1,POINT (16.134444 49.095556)
myGeographyPortal.79,B2KMYS01,15.439167,49.159167,569.0,Kostelní Myslová,Kostelní Myslová,AMS1,POINT (15.439167 49.159167)
myGeographyPortal.84,B2KUCH01,16.085278,48.881111,334.0,Kuchařovice,Kuchařovice,AMS1,POINT (16.085278 48.881111)
myGeographyPortal.152,C1CHUR01,13.615278,49.068333,1117.8,Churáňov,Churáňov,AMS1,POINT (13.615278 49.068333)
myGeographyPortal.166,C1KOCE01,13.838611,49.467222,519.0,Kocelovice,Kocelovice,AMS1,POINT (13.838611 49.467222)
myGeographyPortal.189,C1TEME01,14.342222,49.197778,500.0,Temelín,Temelín,AMS1,POINT (14.342222 49.197778)
myGeographyPortal.269,H1PECS01,15.728889,50.691944,816.3,Pec pod Sněžkou,Pec pod Sněžkou,AMS1,POINT (15.728889 50.691944)
myGeographyPortal.298,H2USTI01,16.422222,49.980278,401.7,Ústí nad Orlicí,Ústí nad Orlicí,AMS1,POINT (16.422222 49.980278)
myGeographyPortal.337,H3SVRA01,16.034167,49.735,734.0,Svratouch,Svratouch,AMS1,POINT (16.034167 49.735)
myGeographyPortal.369,L1PLMI01,13.378889,49.764722,359.8,Plzeň,"Plzeň, Mikulka",AMS1,POINT (13.378889 49.764722)
myGeographyPortal.405,L2PRIM01,12.678056,49.669444,742.76,Přimda,Přimda,AMS1,POINT (12.678056 49.669444)
myGeographyPortal.424,L3CHEB01,12.391389,50.068333,483.0,Cheb,Cheb,AMS1,POINT (12.391389 50.068333)
myGeographyPortal.457,O1CERV01,17.541944,49.777222,748.13,Červená,Červená,AMS1,POINT (17.541944 49.777222)
myGeographyPortal.490,O1LYSA01,18.4475,49.546111,1322.03,Lysá hora,Lysá hora,AMS1,POINT (18.4475 49.546111)
myGeographyPortal.517,O1SERA01,17.108333,50.1875,1328.0,Šerák,Šerák,AMS1,POINT (17.108333 50.1875)
myGeographyPortal.544,O2LUKA01,16.953333,49.652222,510.0,Luká,Luká,AMS1,POINT (16.953333 49.652222)
myGeographyPortal.604,P1PKAR01,14.427778,50.069167,260.5,Praha,"Praha, Karlov",AMS1,POINT (14.427778 50.069167)
myGeographyPortal.609,P1PLIB01,14.446944,50.007778,302.04,Praha,"Praha, Libuš",AMS1,POINT (14.446944 50.007778)
myGeographyPortal.674,P3KOSE01,15.080556,49.573611,532.29,Košetice,"Košetice, Křešín, Kramolín",AMS1,POINT (15.080556 49.573611)
myGeographyPortal.689,P3PRIB01,15.7625,49.582778,532.5,Přibyslav,"Přibyslav, Hřiště",AMS1,POINT (15.7625 49.582778)
myGeographyPortal.724,U1DOKS01,14.17,50.45889,158.0,Doksany,Doksany,AMS1,POINT (14.17 50.45889)
myGeographyPortal.730,U1KATU01,13.32806,50.37667,322.4,Tušimice,Tušimice,AMS1,POINT (13.32806 50.37667)
myGeographyPortal.732,U1KOPI01,13.62278,50.54417,240.0,Kopisty,Kopisty,AMS1,POINT (13.62278 50.54417)
myGeographyPortal.754,U1ULKO01,14.04111,50.68333,375.39,Ústí nad Labem,"Ústí nad Labem, Kočkov",AMS1,POINT (14.04111 50.68333)
myGeographyPortal.775,U2LIBC01,15.02389,50.76972,397.72,Liberec,Liberec,AMS1,POINT (15.02389 50.76972)
myGeographyPortal.208,C2CBUD01,14.469722,48.951944,394.6,České Budějovice,"České Budějovice,Rožnov",AMS2,POINT (14.469722 48.951944)
myGeographyPortal.346,H7SNEZ01,15.740278,50.735833,1602.0,Sněžka,"Sněžka, Poštovna",AMS3,POINT (15.740278 50.735833)
myGeographyPortal.15,B1KROM01,17.3653,49.2847,233.0,Kroměříž,Kroměříž,AKS1,POINT (17.3653 49.2847)
myGeographyPortal.25,B1PROT01,16.83105,49.47782,675.0,Protivanov,Protivanov,AKS1,POINT (16.83105 49.47782)
myGeographyPortal.29,B1STIT01,17.9711,49.0728,315.0,Štítná nad Vláří - Popov,Štítná nad Vláří - Popov,AKS1,POINT (17.9711 49.0728)
myGeographyPortal.30,B1STME01,17.4322,49.0917,221.0,Staré Město,Staré Město,AKS1,POINT (17.4322 49.0917)
myGeographyPortal.31,B1STRN01,17.7078,48.9028,383.0,Strání,Strání,AKS1,POINT (17.7078 48.9028)
myGeographyPortal.32,B1STRZ01,17.3381,48.8992,176.0,Strážnice,Strážnice,AKS1,POINT (17.3381 48.8992)
myGeographyPortal.38,B1VIZO01,17.84361,49.22297,313.0,Vizovice,Vizovice,AKS1,POINT (17.84361 49.22297)
myGeographyPortal.50,B2BROD01,16.5358,48.8733,177.0,Brod nad Dyjí,Brod nad Dyjí,AKS1,POINT (16.5358 48.8733)
myGeographyPortal.56,B2BYSP01,16.25401,49.52416,553.0,Bystřice nad Pernštejnem,Bystřice nad Pernštejnem,AKS1,POINT (16.25401 49.52416)
myGeographyPortal.57,B2BZAB01,16.5677,49.2165,236.0,Brno,"Brno, Žabovřesky",AKS1,POINT (16.5677 49.2165)
myGeographyPortal.65,B2DYJA01,16.2992,48.7733,201.0,Dyjákovice,Dyjákovice,AKS1,POINT (16.2992 48.7733)
myGeographyPortal.71,B2HUBE01,15.4669,49.3931,570.0,Hubenov,Hubenov,AKS1,POINT (15.4669 49.3931)
myGeographyPortal.81,B2KOBY01,16.8814,48.9394,175.0,Kobylí,Kobylí,AKS1,POINT (16.8814 48.9394)
myGeographyPortal.99,B2NEDV01,16.3097,49.6344,722.0,Nedvězí,Nedvězí,AKS1,POINT (16.3097 49.6344)
myGeographyPortal.106,B2POHO01,16.5283,48.9844,180.0,Pohořelice,Pohořelice,AKS1,POINT (16.5283 48.9844)
myGeographyPortal.127,B2VATI01,15.96806,49.52306,558.0,Vatín,Vatín,AKS1,POINT (15.96806 49.52306)
myGeographyPortal.132,B2VMEZ01,16.0086,49.3528,452.0,Velké Meziříčí,Velké Meziříčí,AKS1,POINT (16.0086 49.3528)
myGeographyPortal.149,C1CERP01,14.1072,48.7356,740.0,Černá v Pošumaví,Černá v Pošumaví,AKS1,POINT (14.1072 48.7356)
myGeographyPortal.159,C1HUSI01,13.9883,49.0522,483.0,Husinec,Husinec,AKS1,POINT (13.9883 49.0522)
myGeographyPortal.181,C1ROZM01,13.8664,49.605,538.0,Rožmitál pod Třemšínem,Rožmitál pod Třemšínem,AKS1,POINT (13.8664 49.605)
myGeographyPortal.185,C1STRA01,13.9242,49.2514,427.0,Strakonice,Strakonice,AKS1,POINT (13.9242 49.2514)
myGeographyPortal.193,C1VLKO01,13.5897,49.3022,493.0,Vlkonice,Vlkonice,AKS1,POINT (13.5897 49.3022)
myGeographyPortal.196,C1VRAZ01,14.1289,49.3844,433.0,Vráž,Vráž,AKS1,POINT (14.1289 49.3844)
myGeographyPortal.207,C2BYNO01,14.799947,48.816603,475.0,Byňov,Byňov,AKS1,POINT (14.799947 48.816603)
myGeographyPortal.216,C2JHRA01,14.9575,49.1556,524.0,Jindřichův Hradec,"Jindřichův Hradec, Děbolín",AKS1,POINT (14.9575 49.1556)
myGeographyPortal.228,C2NADV01,14.4653,49.5169,616.0,Nadějkov,"Nadějkov, Větrov",AKS1,POINT (14.4653 49.5169)
myGeographyPortal.248,C2TABO01,14.70324,49.40527,467.0,Tábor,"Tábor, Měšice",AKS1,POINT (14.70324 49.40527)
myGeographyPortal.252,C2VBRO01,14.3144,48.6175,559.0,Vyšší Brod,Vyšší Brod,AKS1,POINT (14.3144 48.6175)
myGeographyPortal.266,H1LBOU01,15.544927,50.769883,1320.0,Labská bouda,Labská bouda,AKS1,POINT (15.544927 50.769883)
myGeographyPortal.267,H1LUCB01,15.697859,50.735318,1413.0,Luční bouda,Luční bouda,AKS1,POINT (15.697859 50.735318)
myGeographyPortal.276,H1UPIC01,16.011618,50.506419,413.0,Úpice,Úpice,AKS1,POINT (16.011618 50.506419)
myGeographyPortal.278,H1VRCH01,15.646389,50.622778,482.0,Vrchlabí,Vrchlabí,AKS1,POINT (15.646389 50.622778)
myGeographyPortal.285,H2DEST01,16.351959,50.306667,656.0,Deštné v Orlic. horách,Deštné v Orlic. horách,AKS1,POINT (16.351959 50.306667)
myGeographyPortal.287,H2KRAL01,16.73475,50.08289,538.0,Králíky,Králíky,AKS1,POINT (16.73475 50.08289)
myGeographyPortal.295,H2ROKY01,16.460258,50.164432,577.0,Rokytnice v Orlic.horách,Rokytnice v Orlic.horách,AKS1,POINT (16.460258 50.164432)
myGeographyPortal.296,H2RYCH01,16.270033,50.164879,335.0,Rychnov nad Kněžnou,Rychnov nad Kněžnou,AKS1,POINT (16.270033 50.164879)
myGeographyPortal.303,H3BROU01,16.343617,50.569966,373.0,Broumov,Broumov,AKS1,POINT (16.343617 50.569966)
myGeographyPortal.309,H3GAJE01,16.410023,49.821051,515.0,Gajer,"Gajer, Janov",AKS1,POINT (16.410023 49.821051)
myGeographyPortal.312,H3HOLO01,15.57805,50.376952,321.0,Holovousy,Holovousy,AKS1,POINT (15.57805 50.376952)
myGeographyPortal.313,H3HRAD01,15.838452,50.177649,278.0,Hradec Králové,"Hradec Králové, Nový Hradec Králové",AKS1,POINT (15.838452 50.177649)
myGeographyPortal.315,H3HRUS01,16.19522,49.916517,291.0,Hrušová,Hrušová,AKS1,POINT (16.19522 49.916517)
myGeographyPortal.316,H3JICI01,15.352626,50.439511,283.0,Jičín,Jičín,AKS1,POINT (15.352626 50.439511)
myGeographyPortal.326,H3MOKO01,15.56668,50.016395,255.0,Mokošín,Mokošín,AKS1,POINT (15.56668 50.016395)
myGeographyPortal.331,H3PODE01,15.133554,50.140503,189.0,Poděbrady,Poděbrady,AKS1,POINT (15.133554 50.140503)
myGeographyPortal.333,H3SECA01,15.6479,49.844725,529.0,Seč,Seč,AKS1,POINT (15.6479 49.844725)
myGeographyPortal.336,H3SVOD01,15.787769,50.222602,240.0,Hradec Králové,"Hradec Králové, Svobodné Dvory",AKS1,POINT (15.787769 50.222602)
myGeographyPortal.353,L1DOMA01,12.922385,49.444716,458.0,Domažlice,Domažlice,AKS1,POINT (12.922385 49.444716)
myGeographyPortal.354,L1HOJS01,13.197146,49.212473,866.0,Železná Ruda,"Železná Ruda, Hojsova Stráž",AKS1,POINT (13.197146 49.212473)
myGeographyPortal.358,L1KLAT01,13.303016,49.39042,421.0,Klatovy,Klatovy,AKS1,POINT (13.303016 49.39042)
myGeographyPortal.363,L1NEPO01,13.589389,49.486924,471.0,Nepomuk,Nepomuk,AKS1,POINT (13.589389 49.486924)
myGeographyPortal.370,L1PLZB01,13.386411,49.788378,331.0,Plzeň,"Plzeň, Bolevec",AKS1,POINT (13.386411 49.788378)
myGeographyPortal.374,L1STAN01,13.067369,49.552537,362.0,Staňkov,Staňkov,AKS1,POINT (13.067369 49.552537)
myGeographyPortal.392,L2KONL01,12.975956,49.884787,530.0,Konstantinovy Lázně,Konstantinovy Lázně,AKS1,POINT (12.975956 49.884787)
myGeographyPortal.394,L2KRAL01,13.494007,49.981823,449.0,Kralovice,Kralovice,AKS1,POINT (13.494007 49.981823)
myGeographyPortal.395,L2KRAU01,12.920958,50.071286,650.0,Krásné Údolí,Krásné Údolí,AKS1,POINT (12.920958 50.071286)
myGeographyPortal.399,L2MLAV01,12.695966,49.990619,696.0,Mariánské Lázně,"Mariánské Lázně, vodárna",AKS1,POINT (12.695966 49.990619)
myGeographyPortal.422,L3AS0001,12.179572,50.220602,675.0,Aš,Aš,AKS1,POINT (12.179572 50.220602)
myGeographyPortal.439,L3SIND01,12.597466,50.317449,589.0,Šindelová,"Šindelová, Obora",AKS1,POINT (12.597466 50.317449)
myGeographyPortal.449,O1BELO01,17.8042,49.5869,306.0,Bělotín,Bělotín,AKS1,POINT (17.8042 49.5869)
myGeographyPortal.477,O1JAVO01,17.0075,50.3956,284.0,Javorník,Javorník,AKS1,POINT (17.0075 50.3956)
myGeographyPortal.489,O1LUCI01,18.4425,49.7308,300.0,Lučina,Lučina,AKS1,POINT (18.4425 49.7308)
myGeographyPortal.502,O1OPAV01,17.8761,49.9197,270.0,Opava,"Opava, Otice",AKS1,POINT (17.8761 49.9197)
myGeographyPortal.507,O1PORU01,18.159444,49.8253,238.6,Ostrava,"Ostrava, Poruba",AKS1,POINT (18.159444 49.8253)
myGeographyPortal.522,O1SVET01,17.4011,50.0331,593.0,Světlá Hora,Světlá Hora,AKS1,POINT (17.4011 50.0331)
myGeographyPortal.540,O2JEVI01,16.7269,49.6297,342.0,Jevíčko,Jevíčko,AKS1,POINT (16.7269 49.6297)
myGeographyPortal.548,O2OLOM01,17.2844,49.5758,210.0,Olomouc,"Olomouc, Holice",AKS1,POINT (17.2844 49.5758)
myGeographyPortal.558,O2SUMP01,16.9675,49.9742,328.0,Šumperk,Šumperk,AKS1,POINT (16.9675 49.9742)
myGeographyPortal.570,O3MARU01,17.8286,49.3653,664.1,Hošťálková,"Hošťálková, Maruška",AKS1,POINT (17.8286 49.3653)
myGeographyPortal.582,O3VSET01,17.9961,49.3442,387.0,Vsetín,Vsetín,AKS1,POINT (17.9961 49.3442)
myGeographyPortal.596,P1LANY01,13.9519,50.1242,415.0,Lány,Lány,AKS1,POINT (13.9519 50.1242)
myGeographyPortal.600,P1NEUM01,14.0375,49.8542,322.0,Neumětely,Neumětely,AKS1,POINT (14.0375 49.8542)
myGeographyPortal.611,P1PRIB01,14.0225,49.6947,555.0,Příbram,Příbram,AKS1,POINT (14.0225 49.6947)
myGeographyPortal.629,P2BRAN01,14.6606,50.1897,179.0,Brandýs nad Labem-St.B,Brandýs nad Labem-St.B,AKS1,POINT (14.6606 50.1897)
myGeographyPortal.634,P2DESN01,15.3197,50.7894,772.0,Desná,"Desná, Souš",AKS1,POINT (15.3197 50.7894)
myGeographyPortal.636,P2HARR01,15.42,50.781667,675.0,Harrachov,Harrachov,AKS1,POINT (15.42 50.781667)
myGeographyPortal.637,P2HOLE01,15.3022,50.5303,432.0,Holenice,Holenice,AKS1,POINT (15.3022 50.5303)
myGeographyPortal.653,P2SEMC01,15.0036,50.3671,234.0,Semčice,Semčice,AKS1,POINT (15.0036 50.3671)
myGeographyPortal.657,P2TUHA01,14.5206,50.2953,160.0,Tuhaň,Tuhaň,AKS1,POINT (14.5206 50.2953)
myGeographyPortal.668,P3HAVL01,15.5797,49.6119,452.0,Havlíčkův Brod,Havlíčkův Brod,AKS1,POINT (15.5797 49.6119)
myGeographyPortal.682,P3NRUD01,14.4403,49.6317,348.0,Nedrahovice,"Nedrahovice, Rudolec",AKS1,POINT (14.4403 49.6317)
myGeographyPortal.683,P3NRYC01,15.365,49.3858,624.0,Nový Rychnov,Nový Rychnov,AKS1,POINT (15.365 49.3858)
myGeographyPortal.684,P3ONDR01,14.7847,49.9072,485.0,Ondřejov,Ondřejov,AKS1,POINT (14.7847 49.9072)
myGeographyPortal.737,U1MEDE01,13.13256,50.42936,828.0,Měděnec,Měděnec,AKS1,POINT (13.13256 50.42936)
myGeographyPortal.741,U1NOVE01,13.48561,50.59244,725.0,Nová Ves v Horách,Nová Ves v Horách,AKS1,POINT (13.48561 50.59244)
myGeographyPortal.746,U1SMOL01,13.85617,50.30872,345.0,Smolnice,Smolnice,AKS1,POINT (13.85617 50.30872)
myGeographyPortal.752,U1TEPL01,13.836344,50.645153,227.0,Teplice,Teplice,AKS1,POINT (13.836344 50.645153)
myGeographyPortal.758,U1ZATE01,13.54319,50.34147,210.0,Žatec,Žatec,AKS1,POINT (13.54319 50.34147)
myGeographyPortal.759,U2BEDR01,15.13708,50.81511,777.0,Bedřichov,Bedřichov,AKS1,POINT (15.13708 50.81511)
myGeographyPortal.768,U2DOKY01,14.66731,50.56811,284.0,Doksy,Doksy,AKS1,POINT (14.66731 50.56811)
myGeographyPortal.787,U2STRR01,14.80739,50.70361,310.0,Stráž pod Ralskem,Stráž pod Ralskem,AKS1,POINT (14.80739 50.70361)
myGeographyPortal.789,U2VARN01,14.60222,50.90556,367.0,Varnsdorf,Varnsdorf,AKS1,POINT (14.60222 50.90556)
myGeographyPortal.4,B1BYSH01,17.6706,49.3964,314.0,Bystřice pod Hostýnem,Bystřice pod Hostýnem,AKS2,POINT (17.6706 49.3964)
myGeographyPortal.11,B1IVAN01,17.0894,49.3092,243.0,Ivanovice na Hané,Ivanovice na Hané,AKS2,POINT (17.0894 49.3092)
myGeographyPortal.12,B1KLZI01,17.7925,49.0842,329.0,Luhačovice,"Luhačovice, Kladná-Žilín",AKS2,POINT (17.7925 49.0842)
myGeographyPortal.67,B2HAJE01,16.4725,49.3731,409.0,Tišnov,"Tišnov, Hájek",AKS2,POINT (16.4725 49.3731)
myGeographyPortal.88,B2LEDN01,16.798895,48.792616,177.0,Lednice,Lednice,AKS2,POINT (16.798895 48.792616)
myGeographyPortal.93,B2MBUD01,15.8067,49.0611,460.0,Moravské Budějovice,Moravské Budějovice,AKS2,POINT (15.8067 49.0611)
myGeographyPortal.100,B2NEMO01,17.1361,49.1808,283.0,Nemochovice,Nemochovice,AKS2,POINT (17.1361 49.1808)
myGeographyPortal.125,B2TROU01,16.5074,49.1745,278.0,Troubsko,Troubsko,AKS2,POINT (16.5074 49.1745)
myGeographyPortal.169,C1KTIS01,14.1058,48.9033,758.0,Ktiš,"Ktiš, Tisovka",AKS2,POINT (14.1058 48.9033)
myGeographyPortal.194,C1VOLR01,13.88657,48.90881,749.0,Volary,Volary,AKS2,POINT (13.88657 48.90881)
myGeographyPortal.204,C2BORK01,14.636825,49.207925,419.0,Borkovice,Borkovice,AKS2,POINT (14.636825 49.207925)
myGeographyPortal.209,C2CERN01,14.9625,49.3575,580.0,Černovice,"Černovice, Dobešov",AKS2,POINT (14.9625 49.3575)
myGeographyPortal.212,C2CKRU01,14.33935,48.832242,554.0,Český Krumlov,"Český Krumlov, Přísečná",AKS2,POINT (14.33935 48.832242)
myGeographyPortal.214,C2HLAS01,14.7561,49.4981,547.0,Hlasivo,Hlasivo,AKS2,POINT (14.7561 49.4981)
myGeographyPortal.235,C2POCA01,15.2342,49.2606,618.0,Počátky,Počátky,AKS2,POINT (15.2342 49.2606)
myGeographyPortal.249,C2TREB01,14.7586,49.0622,428.0,Třeboň,"Třeboň, Lužnice",AKS2,POINT (14.7586 49.0622)
myGeographyPortal.261,H1CSKL01,16.061111,50.363056,290.0,Česká Skalice,"Česká Skalice, Rozkoš",AKS2,POINT (16.061111 50.363056)
myGeographyPortal.274,H1TEPZ01,16.147285,50.641099,531.0,Teplice nad Metují,Teplice nad Metují Zdoňov,AKS2,POINT (16.147285 50.641099)
myGeographyPortal.277,H1VELI01,15.832503,50.356612,299.0,Velichovky,Velichovky,AKS2,POINT (15.832503 50.356612)
myGeographyPortal.279,H1ZACL01,15.907098,50.661205,644.0,Žacléř,Žacléř,AKS2,POINT (15.907098 50.661205)
myGeographyPortal.282,H2BORH01,16.086691,50.105254,254.0,Borohrádek,Borohrádek,AKS2,POINT (16.086691 50.105254)
myGeographyPortal.299,H2ZAMB01,16.45477,50.069195,405.0,Žamberk,Žamberk,AKS2,POINT (16.45477 50.069195)
myGeographyPortal.321,H3LBEL01,15.588567,50.427437,299.0,Lázně Bělohrad,Lázně Bělohrad,AKS2,POINT (15.588567 50.427437)
myGeographyPortal.323,H3LIBC01,15.704862,49.744164,425.0,Libice nad Doubravou,Libice nad Doubravou,AKS2,POINT (15.704862 49.744164)
myGeographyPortal.327,H3NBYD01,15.497443,50.237553,232.0,Nový Bydžov,Nový Bydžov,AKS2,POINT (15.497443 50.237553)
myGeographyPortal.332,H3RADO01,15.368164,50.106526,227.0,Radovesnice II.,Radovesnice II.,AKS2,POINT (15.368164 50.106526)
myGeographyPortal.334,H3SKUT01,15.996153,49.834947,457.0,Skuteč,Skuteč,AKS2,POINT (15.996153 49.834947)
myGeographyPortal.341,H3ZBYS01,15.329835,49.78686,490.0,Zbýšov,"Zbýšov, Dobrovítov",AKS2,POINT (15.329835 49.78686)
myGeographyPortal.387,L2DYLE01,12.502849,49.968079,939.0,Dyleň,Dyleň,AKS2,POINT (12.502849 49.968079)
myGeographyPortal.389,L2HERM01,13.57133,50.148529,407.0,Heřmanov,Heřmanov,AKS2,POINT (13.57133 50.148529)
myGeographyPortal.410,L2STRI01,12.996866,49.75451,412.0,Stříbro,Stříbro,AKS2,POINT (12.996866 49.75451)
myGeographyPortal.419,L2ZBIR01,13.751748,49.853987,476.0,Zbiroh,"Zbiroh, Švabín",AKS2,POINT (13.751748 49.853987)
myGeographyPortal.429,L3KLIN01,12.967957,50.3948,1236.0,Klínovec,Klínovec,AKS2,POINT (12.967957 50.3948)
myGeographyPortal.440,L3SOKO01,12.639266,50.176985,407.0,Sokolov,Sokolov,AKS2,POINT (12.639266 50.176985)
myGeographyPortal.450,O1BILA01,18.5233,49.4547,720.0,Bílá,"Bílá, Konečná",AKS2,POINT (18.5233 49.4547)
myGeographyPortal.453,O1BOHU01,18.3692,49.882,237.0,Bohumín,"Bohumín, Záblatí",AKS2,POINT (18.3692 49.882)
myGeographyPortal.461,O1FMOL01,18.315833,49.666667,312.0,Frýdek-Místek,"Frýdek-Místek, Místek",AKS2,POINT (18.315833 49.666667)
myGeographyPortal.462,O1FREN01,18.240568,49.541055,436.0,Frenštát pod Radhoštěm,Frenštát pod Radhoštěm,AKS2,POINT (18.240568 49.541055)
myGeographyPortal.476,O1JABL01,18.7503,49.5875,380.0,Jablunkov,"Jablunkov, Návsí",AKS2,POINT (18.7503 49.5875)
myGeographyPortal.479,O1JESE01,17.183333,50.231111,502.0,Jeseník,Jeseník,AKS2,POINT (17.183333 50.231111)
myGeographyPortal.482,O1KARV01,18.5332,49.8549,224.0,Karviná,Karviná,AKS2,POINT (18.5332 49.8549)
myGeographyPortal.486,O1KRNO01,17.6922,50.078,360.0,Krnov,Krnov,AKS2,POINT (17.6922 50.078)
myGeographyPortal.529,O1VITK01,17.757308,49.778037,491.0,Vítkov,Vítkov,AKS2,POINT (17.757308 49.778037)
myGeographyPortal.559,O2TREB01,16.6969,49.8158,375.0,Třebařov,Třebařov,AKS2,POINT (16.6969 49.8158)
myGeographyPortal.561,O3BECV01,18.2983,49.4311,565.0,Horní Bečva,Horní Bečva,AKS2,POINT (18.2983 49.4311)
myGeographyPortal.573,O3PRER01,17.458889,49.464444,210.0,Přerov,Přerov,AKS2,POINT (17.458889 49.464444)
myGeographyPortal.579,O3VALM01,17.9742,49.4636,334.0,Valašské Meziříčí,Valašské Meziříčí,AKS2,POINT (17.9742 49.4636)
myGeographyPortal.580,O3VASE01,18.126944,49.240278,615.0,Valašská Senice,Valašská Senice,AKS2,POINT (18.126944 49.240278)
myGeographyPortal.589,P1DOBE01,14.2758,49.9333,205.0,Dobřichovice,Dobřichovice,AKS2,POINT (14.2758 49.9333)
myGeographyPortal.594,P1KRAL01,14.29,50.2419,220.0,Kralupy nad Vltavou,Kralupy nad Vltavou,AKS2,POINT (14.29 50.2419)
myGeographyPortal.606,P1PKLE01,14.416923,50.086634,190.7,Praha,"Praha, Klementinum",AKS2,POINT (14.416923 50.086634)
myGeographyPortal.615,P1PVIN01,14.46186,50.07584,280.0,Praha,"Praha, Vinohrady - Flora",AKS2,POINT (14.46186 50.07584)
myGeographyPortal.641,P2KATU01,14.7778,50.4444,312.0,Katusice,Katusice,AKS2,POINT (14.7778 50.4444)
myGeographyPortal.695,P3STAN01,15.0678,49.9028,415.0,Vavřinec,"Vavřinec, Žíšov",AKS2,POINT (15.0678 49.9028)
myGeographyPortal.747,U1SNEZ01,14.08536,50.79683,569.0,Sněžník,Sněžník,AKS2,POINT (14.08536 50.79683)
myGeographyPortal.749,U1STRJ01,13.47694,50.17378,372.0,Strojetice,Strojetice,AKS2,POINT (13.47694 50.17378)
myGeographyPortal.755,U1ULMA01,14.05831,50.62556,150.0,Ústí nad Labem,"Ústí nad Labem, Vaňov",AKS2,POINT (14.05831 50.62556)
myGeographyPortal.762,U2CELI01,14.541141,50.675373,246.0,Česká Lípa,Česká Lípa,AKS2,POINT (14.541141 50.675373)
myGeographyPortal.766,U2DECI01,14.20258,50.75097,172.0,Děčín,"Děčín, Křešice",AKS2,POINT (14.20258 50.75097)
myGeographyPortal.771,U2HEJN01,15.18317,50.88456,396.0,Hejnice,Hejnice,AKS2,POINT (15.18317 50.88456)
myGeographyPortal.773,U2JAPO01,14.77375,50.77206,320.0,Jablonné v Podještědí,Jablonné v Podještědí,AKS2,POINT (14.77375 50.77206)
myGeographyPortal.2,B1BOJK01,17.81,49.0402,310.0,Bojkovice,Bojkovice,AKS3,POINT (17.81 49.0402)
myGeographyPortal.40,B1ZLIN01,17.643333,49.236667,283.0,Zlín,Zlín,AKS3,POINT (17.643333 49.236667)
myGeographyPortal.76,B2JIHL01,15.6164,49.4064,468.0,Jihlava,"Jihlava, Hruškové Dvory",AKS3,POINT (15.6164 49.4064)
myGeographyPortal.136,B2ZDAN01,17.025556,49.071944,238.0,Ždánice,Ždánice,AKS3,POINT (17.025556 49.071944)
myGeographyPortal.144,C1BLAD01,13.661958,48.99055,898.0,Borová Lada,Borová Lada,AKS3,POINT (13.661958 48.99055)
myGeographyPortal.156,C1HKVI01,13.56502,49.053673,1052.0,Horská Kvilda,Horská Kvilda,AKS3,POINT (13.56502 49.053673)
myGeographyPortal.170,C1KVIL01,13.5792,49.0192,1059.0,Kvilda,Kvilda,AKS3,POINT (13.5792 49.0192)
myGeographyPortal.182,C1SEDL01,13.9419,49.3756,511.0,Sedlice,Sedlice,AKS3,POINT (13.9419 49.3756)
myGeographyPortal.192,C1VIMP01,13.7825,49.065833,628.0,Vimperk,Vimperk,AKS3,POINT (13.7825 49.065833)
myGeographyPortal.221,C2KREM01,14.3028,48.9064,524.0,Křemže,"Křemže, Mříč",AKS3,POINT (14.3028 48.9064)
myGeographyPortal.275,H1TRUT01,15.898311,50.558597,437.0,Trutnov,Trutnov,AKS3,POINT (15.898311 50.558597)
myGeographyPortal.304,H3CASL01,15.394281,49.901675,251.0,Čáslav,"Čáslav, Nové město",AKS3,POINT (15.394281 49.901675)
myGeographyPortal.411,L2TACH01,12.623135,49.798357,487.0,Tachov,Tachov,AKS3,POINT (12.623135 49.798357)
myGeographyPortal.435,L3NEJD01,12.715486,50.335684,609.0,Nejdek,Nejdek,AKS3,POINT (12.715486 50.335684)
myGeographyPortal.466,O1HART01,17.575278,49.888611,516.0,Slezská Harta,Slezská Harta,AKS3,POINT (17.575278 49.888611)
myGeographyPortal.470,O1HOLO01,18.637779,49.534088,582.0,Horní Lomná,Horní Lomná,AKS3,POINT (18.637779 49.534088)
myGeographyPortal.483,O1KAST01,17.306832,50.074053,795.0,Karlova Studánka,Karlova Studánka,AKS3,POINT (17.306832 50.074053)
myGeographyPortal.495,O1MORK01,18.057778,49.5414,345.0,Mořkov,Mořkov,AKS3,POINT (18.057778 49.5414)
myGeographyPortal.512,O1ROPI01,18.6125,49.6975,327.0,Ropice,Ropice,AKS3,POINT (18.6125 49.6975)
myGeographyPortal.537,O2DUBI01,16.9662,49.8269,282.0,Dubicko,Dubicko,AKS3,POINT (16.9662 49.8269)
myGeographyPortal.538,O2HANU01,16.940556,50.0819,432.0,Hanušovice,Hanušovice,AKS3,POINT (16.940556 50.0819)
myGeographyPortal.550,O2PAPR01,16.988889,50.209444,1006.0,Staré Město pod Sněžníkem,"Staré Město pod Sněžníkem, Paprsek",AKS3,POINT (16.988889 50.209444)
myGeographyPortal.555,O2STER01,17.2986,49.725,278.0,Šternberk,Šternberk,AKS3,POINT (17.2986 49.725)
myGeographyPortal.563,O3HOST01,17.8683,49.3514,385.0,Hošťálková,Hošťálková,AKS3,POINT (17.8683 49.3514)
myGeographyPortal.581,O3VEKA01,18.286944,49.359444,518.0,Velké Karlovice,Velké Karlovice,AKS3,POINT (18.286944 49.359444)
myGeographyPortal.633,P2DBOU01,15.141737,50.437897,244.0,Dolní Bousov,Dolní Bousov,AKS3,POINT (15.141737 50.437897)
myGeographyPortal.431,L3KVAZ01,12.878151,50.227229,377.0,Karlovy Vary,Karlovy Vary,AKS4,POINT (12.878151 50.227229)
myGeographyPortal.458,O1CHLN01,18.119769,49.991679,258.0,Chuchelná,Chuchelná,AKS4,POINT (18.119769 49.991679)
myGeographyPortal.478,O1JAVR01,18.627222,49.628333,930.0,Třinec,"Třinec, Oldřichovice, Javorový",AKS4,POINT (18.627222 49.628333)
myGeographyPortal.500,O1NYFI01,18.788599,49.616676,745.0,Nýdek,"Nýdek, Filipka",AKS4,POINT (18.788599 49.616676)
myGeographyPortal.504,O1OSLZ01,18.317553,49.844977,269.0,Ostrava,"Ostrava, Slezská Ostrava",AKS4,POINT (18.317553 49.844977)
myGeographyPortal.505,O1OSOB01,17.7135,50.2709,238.0,Osoblaha,Osoblaha,AKS4,POINT (17.7135 50.2709)
myGeographyPortal.514,O1RYMA01,17.296111,49.931389,578.0,Rýmařov,Rýmařov,AKS4,POINT (17.296111 49.931389)
myGeographyPortal.525,O1UHNV01,16.984708,50.332069,615.0,Uhelná,"Uhelná, Nové Vilémovice",AKS4,POINT (16.984708 50.332069)
myGeographyPortal.528,O1VIDN01,17.1917,50.37794,228.0,Vidnava,Vidnava,AKS4,POINT (17.1917 50.37794)
myGeographyPortal.530,O1ZARY01,17.560556,50.154167,498.0,Město Albrechtice,"Město Albrechtice, Žáry",AKS4,POINT (17.560556 50.154167)
myGeographyPortal.531,O1ZLHO01,17.3926,50.252778,444.0,Zlaté Hory,Zlaté Hory,AKS4,POINT (17.3926 50.252778)
myGeographyPortal.542,O2LANS01,16.625,49.9028,362.0,Lanškroun,Lanškroun,AKS4,POINT (16.625 49.9028)
myGeographyPortal.551,O2PASE01,17.2345,49.7776,271.0,Paseka,Paseka,AKS4,POINT (17.2345 49.7776)
myGeographyPortal.553,O2SLAM01,16.832833,50.151011,1100.0,Dolní Morava,"Dolní Morava, Slaměnka",AKS4,POINT (16.832833 50.151011)
myGeographyPortal.556,O2STIT01,16.764343,49.956566,432.0,Štíty,Štíty,AKS4,POINT (16.764343 49.956566)
myGeographyPortal.571,O3POTB01,17.6142,49.6238,545.0,Potštát,"Potštát, Boškov",AKS4,POINT (17.6142 49.6238)
myGeographyPortal.576,O3ROZN01,18.138224,49.461251,375.0,Rožnov pod Radhoštěm,Rožnov pod Radhoštěm,AKS4,POINT (18.138224 49.461251)
myGeographyPortal.608,P1PKOM01,14.40636,49.9886,213.0,Praha,"Praha, Komořany",AKS4,POINT (14.40636 49.9886)
myGeographyPortal.612,P1PRUH01,14.5594,50.0075,312.0,Průhonice,Průhonice,AKS4,POINT (14.5594 50.0075)
myGeographyPortal.627,P2BNLO01,15.158215,50.81445,780.0,Bedřichov,"Bedřichov, Nová louka",AKS4,POINT (15.158215 50.81445)
myGeographyPortal.631,P2CDUB01,14.9817,50.6836,355.0,Český Dub,"Český Dub, Modlibohov",AKS4,POINT (14.9817 50.6836)
myGeographyPortal.635,P2DVOR01,15.514525,50.748172,1115.0,Dvoračky,Dvoračky,AKS4,POINT (15.514525 50.748172)
myGeographyPortal.642,P2KORE01,15.34444,50.82001,858.0,Kořenov,"Kořenov, Jizerka",AKS4,POINT (15.34444 50.82001)
myGeographyPortal.647,P2MRZK01,14.8075,50.044444,260.0,Mrzky,Mrzky,AKS4,POINT (14.8075 50.044444)
myGeographyPortal.658,P2TURN01,15.154444,50.589722,253.0,Turnov,Turnov,AKS4,POINT (15.154444 50.589722)
myGeographyPortal.669,P3HULI01,15.086667,49.721111,378.0,Hulice,Hulice,AKS4,POINT (15.086667 49.721111)
myGeographyPortal.680,P3NETV01,14.521178,49.818411,368.0,Netvořice,Netvořice,AKS4,POINT (14.521178 49.818411)
myGeographyPortal.701,P3VLAS01,14.894722,49.691944,415.0,Vlašim,Vlašim,AKS4,POINT (14.894722 49.691944)
myGeographyPortal.786,U2SMED01,15.27318,50.84452,834.0,Bílý Potok,"Bílý Potok, Smědava",AKS4,POINT (15.27318 50.84452)
myGeographyPortal.2,B1BOJK01,17.81,49.0402,310.0,Bojkovice,Bojkovice,AKS3,POINT (17.81 49.0402)
myGeographyPortal.40,B1ZLIN01,17.643333,49.236667,283.0,Zlín,Zlín,AKS3,POINT (17.643333 49.236667)
myGeographyPortal.76,B2JIHL01,15.6164,49.4064,468.0,Jihlava,"Jihlava, Hruškové Dvory",AKS3,POINT (15.6164 49.4064)
myGeographyPortal.136,B2ZDAN01,17.025556,49.071944,238.0,Ždánice,Ždánice,AKS3,POINT (17.025556 49.071944)
myGeographyPortal.144,C1BLAD01,13.661958,48.99055,898.0,Borová Lada,Borová Lada,AKS3,POINT (13.661958 48.99055)
myGeographyPortal.156,C1HKVI01,13.56502,49.053673,1052.0,Horská Kvilda,Horská Kvilda,AKS3,POINT (13.56502 49.053673)
myGeographyPortal.170,C1KVIL01,13.5792,49.0192,1059.0,Kvilda,Kvilda,AKS3,POINT (13.5792 49.0192)
myGeographyPortal.182,C1SEDL01,13.9419,49.3756,511.0,Sedlice,Sedlice,AKS3,POINT (13.9419 49.3756)
myGeographyPortal.192,C1VIMP01,13.7825,49.065833,628.0,Vimperk,Vimperk,AKS3,POINT (13.7825 49.065833)
myGeographyPortal.221,C2KREM01,14.3028,48.9064,524.0,Křemže,"Křemže, Mříč",AKS3,POINT (14.3028 48.9064)
myGeographyPortal.275,H1TRUT01,15.898311,50.558597,437.0,Trutnov,Trutnov,AKS3,POINT (15.898311 50.558597)
myGeographyPortal.304,H3CASL01,15.394281,49.901675,251.0,Čáslav,"Čáslav, Nové město",AKS3,POINT (15.394281 49.901675)
myGeographyPortal.411,L2TACH01,12.623135,49.798357,487.0,Tachov,Tachov,AKS3,POINT (12.623135 49.798357)
myGeographyPortal.435,L3NEJD01,12.715486,50.335684,609.0,Nejdek,Nejdek,AKS3,POINT (12.715486 50.335684)
myGeographyPortal.466,O1HART01,17.575278,49.888611,516.0,Slezská Harta,Slezská Harta,AKS3,POINT (17.575278 49.888611)
myGeographyPortal.470,O1HOLO01,18.637779,49.534088,582.0,Horní Lomná,Horní Lomná,AKS3,POINT (18.637779 49.534088)
myGeographyPortal.483,O1KAST01,17.306832,50.074053,795.0,Karlova Studánka,Karlova Studánka,AKS3,POINT (17.306832 50.074053)
myGeographyPortal.495,O1MORK01,18.057778,49.5414,345.0,Mořkov,Mořkov,AKS3,POINT (18.057778 49.5414)
myGeographyPortal.512,O1ROPI01,18.6125,49.6975,327.0,Ropice,Ropice,AKS3,POINT (18.6125 49.6975)
myGeographyPortal.537,O2DUBI01,16.9662,49.8269,282.0,Dubicko,Dubicko,AKS3,POINT (16.9662 49.8269)
myGeographyPortal.538,O2HANU01,16.940556,50.0819,432.0,Hanušovice,Hanušovice,AKS3,POINT (16.940556 50.0819)
myGeographyPortal.550,O2PAPR01,16.988889,50.209444,1006.0,Staré Město pod Sněžníkem,"Staré Město pod Sněžníkem, Paprsek",AKS3,POINT (16.988889 50.209444)
myGeographyPortal.555,O2STER01,17.2986,49.725,278.0,Šternberk,Šternberk,AKS3,POINT (17.2986 49.725)
myGeographyPortal.563,O3HOST01,17.8683,49.3514,385.0,Hošťálková,Hošťálková,AKS3,POINT (17.8683 49.3514)
myGeographyPortal.581,O3VEKA01,18.286944,49.359444,518.0,Velké Karlovice,Velké Karlovice,AKS3,POINT (18.286944 49.359444)
myGeographyPortal.633,P2DBOU01,15.141737,50.437897,244.0,Dolní Bousov,Dolní Bousov,AKS3,POINT (15.141737 50.437897)
myGeographyPortal.163,C1KHOR01,13.55,49.145556,728.0,Kašperské Hory,Kašperské Hory,AKS,POINT (13.55 49.145556)
myGeographyPortal.475,O1HZIV01,17.949444,49.690556,256.0,Hladké Životice,Hladké Životice,AKS,POINT (17.949444 49.690556)
myGeographyPortal.566,O3KATE01,17.873333,49.401111,585.0,Kateřinice,"Kateřinice, Ojičná",AKS,POINT (17.873333 49.401111)
myGeographyPortal.770,U2FRYD01,15.09015,50.91785,337.0,Frýdlant,Frýdlant,AKS,POINT (15.09015 50.91785)
myGeographyPortal.6,B1DREV01,17.586111,49.424444,238.0,Dřevohostice,Dřevohostice,ASS,POINT (17.586111 49.424444)
myGeographyPortal.7,B1HLHO01,17.8033,49.155,348.0,Horní Lhota,Horní Lhota,ASS,POINT (17.8033 49.155)
myGeographyPortal.8,B1HLUK01,17.538,48.9863,225.0,Hluk,Hluk,ASS,POINT (17.538 48.9863)
myGeographyPortal.13,B1KOJE01,17.2944,49.3527,203.0,Kojetín,Kojetín,ASS,POINT (17.2944 49.3527)
myGeographyPortal.23,B1PODI01,17.003611,49.369444,375.0,Podivice,Podivice,ASS,POINT (17.003611 49.369444)
myGeographyPortal.39,B1VKLO01,18.015,49.139167,402.0,Valašské Klobouky,Valašské Klobouky,ASS,POINT (18.015 49.139167)
myGeographyPortal.51,B2BRTN01,15.6753,49.3069,517.0,Brtnice,Brtnice,ASS,POINT (15.6753 49.3069)
myGeographyPortal.55,B2BUKA01,16.798889,49.296944,511.0,Bukovinka,Bukovinka,ASS,POINT (16.798889 49.296944)
myGeographyPortal.59,B2CRUD01,15.322222,49.073333,520.0,Český Rudolec,Český Rudolec,ASS,POINT (15.322222 49.073333)
myGeographyPortal.66,B2DZBA01,16.2092,49.0028,337.0,Džbánice,Džbánice,ASS,POINT (16.2092 49.0028)
myGeographyPortal.68,B2HRAS01,16.4875,49.7311,446.0,Hradec nad Svitavou,Hradec nad Svitavou,ASS,POINT (16.4875 49.7311)
myGeographyPortal.75,B2JEMN01,15.59,49.025,502.0,Jemnice,Jemnice,ASS,POINT (15.59 49.025)
myGeographyPortal.77,B2KADO01,16.0781,49.6358,672.0,Kadov,Kadov,ASS,POINT (16.0781 49.6358)
myGeographyPortal.98,B2NAMO01,16.15,49.2167,390.0,Náměšť nad Oslavou,Náměšť nad Oslavou,ASS,POINT (16.15 49.2167)
myGeographyPortal.101,B2NMES01,16.0689,49.5581,601.0,Nové Město na Moravě,Nové Město na Moravě,ASS,POINT (16.0689 49.5581)
myGeographyPortal.102,B2NOVE01,15.7869,49.2547,422.0,Nová Ves,Nová Ves,ASS,POINT (15.7869 49.2547)
myGeographyPortal.103,B2OBOR01,16.603611,49.451667,425.0,Obora,Obora,ASS,POINT (16.603611 49.451667)
myGeographyPortal.104,B2OLES01,16.4231,49.555,535.0,Olešnice,Olešnice,ASS,POINT (16.4231 49.555)
myGeographyPortal.107,B2POLI01,16.269167,49.716111,552.0,Polička,Polička,ASS,POINT (16.269167 49.716111)
myGeographyPortal.108,B2RADO01,15.9675,49.460278,512.0,Radostín,Radostín,ASS,POINT (15.9675 49.460278)
myGeographyPortal.110,B2SATO01,16.020556,48.789167,238.0,Šatov,Šatov,ASS,POINT (16.020556 48.789167)
myGeographyPortal.118,B2STHU01,17.2883,49.1372,427.0,Staré Hutě,Staré Hutě,ASS,POINT (17.2883 49.1372)
myGeographyPortal.120,B2STRE01,15.9828,48.9934,325.0,Střelice,Střelice,ASS,POINT (15.9828 48.9934)
myGeographyPortal.124,B2TRES01,15.476111,49.293889,574.0,Třešť,Třešť,ASS,POINT (15.476111 49.293889)
myGeographyPortal.128,B2VBIT01,16.221,49.2918,485.0,Velká Bíteš,Velká Bíteš,ASS,POINT (16.221 49.2918)
myGeographyPortal.134,B2VSTU01,15.7303,49.3931,568.0,Vysoké Studnice,Vysoké Studnice,ASS,POINT (15.7303 49.3931)
myGeographyPortal.139,B4NEMO00,17.1333,49.1833,280.0,Nemochovice,Nemochovice,ASS,POINT (17.1333 49.1833)
myGeographyPortal.143,C1BERN01,14.389167,49.366111,485.0,Bernartice,Bernartice,ASS,POINT (14.389167 49.366111)
myGeographyPortal.146,C1BREZ01,13.9461,49.5542,493.0,Březnice,Březnice,ASS,POINT (13.9461 49.5542)
myGeographyPortal.150,C1CHAN01,13.7194,49.4019,533.0,Chanovice,Chanovice,ASS,POINT (13.7194 49.4019)
myGeographyPortal.151,C1CHEL01,14.169367,49.119265,451.0,Chelčice,Chelčice,ASS,POINT (14.169367 49.119265)
myGeographyPortal.153,C1FILH01,13.52,49.03,1110.0,Filipova Huť,Filipova Huť,ASS,POINT (13.52 49.03)
myGeographyPortal.158,C1HLUB01,14.4356,49.0542,410.0,Hluboká nad Vltavou,Hluboká nad Vltavou,ASS,POINT (14.4356 49.0542)
myGeographyPortal.160,C1JELE01,13.8897,48.8031,810.0,Jelení,"Jelení, Nová Pec",ASS,POINT (13.8897 48.8031)
myGeographyPortal.162,C1KEST01,14.0736,49.2681,381.0,Kestřany,Kestřany,ASS,POINT (14.0736 49.2681)
myGeographyPortal.168,C1KRSI01,14.0725,49.484444,430.0,Krsice,Krsice,ASS,POINT (14.0725 49.484444)
myGeographyPortal.171,C1NALH01,13.5486,49.3347,495.0,Nalžovské Hory,Nalžovské Hory,ASS,POINT (13.5486 49.3347)
myGeographyPortal.173,C1ORLV01,14.1683,49.5036,431.0,Orlík nad Vltavou,Orlík nad Vltavou,ASS,POINT (14.1683 49.5036)
myGeographyPortal.174,C1PASE01,14.2678,49.2497,482.0,Paseky,Paseky,ASS,POINT (14.2678 49.2497)
myGeographyPortal.177,C1PRAS01,13.3786,49.1069,883.0,Prášily,Prášily,ASS,POINT (13.3786 49.1069)
myGeographyPortal.179,C1RADO01,13.7272,49.5322,570.0,Radošice,Radošice,ASS,POINT (13.7272 49.5322)
myGeographyPortal.186,C1STRS01,13.6425,49.1797,637.0,Strašín,Strašín,ASS,POINT (13.6425 49.1797)
myGeographyPortal.187,C1STRZ01,13.72028,48.908822,811.0,Strážný,Strážný,ASS,POINT (13.72028 48.908822)
myGeographyPortal.191,C1VACP01,13.72,49.1336,738.0,Vacov,"Vacov, Peckov",ASS,POINT (13.72 49.1336)
myGeographyPortal.195,C1VOLY01,13.8639,49.1875,448.0,Volyně,"Volyně, Nihošovice",ASS,POINT (13.8639 49.1875)
myGeographyPortal.198,C1ZAMY01,13.374402,49.22629,800.0,Zámyšl,Zámyšl,ASS,POINT (13.374402 49.22629)
myGeographyPortal.200,C1ZBYT01,13.9889,48.9417,792.0,Zbytiny,Zbytiny,ASS,POINT (13.9889 48.9417)
myGeographyPortal.201,C2BECH01,14.4708,49.3,409.0,Bechyně,Bechyně,ASS,POINT (14.4708 49.3)
myGeographyPortal.210,C2CHLT01,14.9358,48.9578,462.0,Chlum u Třeboně,Chlum u Třeboně,ASS,POINT (14.9358 48.9578)
myGeographyPortal.218,C2KAML01,15.0633,49.2831,557.0,Kamenice nad Lipou,"Kamenice nad Lipou, Vodná",ASS,POINT (15.0633 49.2831)
myGeographyPortal.229,C2NBYS01,15.1,49.0189,583.0,Nová Bystřice,Nová Bystřice,ASS,POINT (15.1 49.0189)
myGeographyPortal.230,C2NETR01,14.4561,48.7931,616.0,Netřebice,Netřebice,ASS,POINT (14.4561 48.7931)
myGeographyPortal.232,C2OLSI01,14.51,49.436389,495.0,Olší,Olší,ASS,POINT (14.51 49.436389)
myGeographyPortal.238,C2PVES01,14.649167,48.670278,773.0,Pohorská Ves,Pohorská Ves,ASS,POINT (14.649167 48.670278)
myGeographyPortal.242,C2SHUT01,14.7158,48.7178,792.0,Staré Hutě,Staré Hutě,ASS,POINT (14.7158 48.7178)
myGeographyPortal.245,C2STRM01,15.2064,49.1631,582.0,Strmilov,Strmilov,ASS,POINT (15.2064 49.1631)
myGeographyPortal.246,C2STRN01,14.9136,49.0675,478.0,Stráž nad Nežárkou,Stráž nad Nežárkou,ASS,POINT (14.9136 49.0675)
myGeographyPortal.250,C2TRHS01,14.6378,48.8433,468.0,Trhové Sviny,Trhové Sviny,ASS,POINT (14.6378 48.8433)
myGeographyPortal.260,H1CDUL01,15.712563,50.648678,715.0,Černý Důl,Černý Důl,ASS,POINT (15.712563 50.648678)
myGeographyPortal.262,H1DDVU01,15.655815,50.654592,560.0,Dolní Dvůr,"Dolní Dvůr, Rudolfov",ASS,POINT (15.655815 50.654592)
myGeographyPortal.263,H1HMAR01,15.818973,50.654577,585.0,Horní Maršov,Horní Maršov,ASS,POINT (15.818973 50.654577)
myGeographyPortal.265,H1HOST01,15.739915,50.522919,356.0,Hostinné,Hostinné,ASS,POINT (15.739915 50.522919)
myGeographyPortal.270,H1POLI01,16.237511,50.537805,446.0,Police nad Metují,Police nad Metují,ASS,POINT (16.237511 50.537805)
myGeographyPortal.271,H1POMB01,15.82027,50.745472,1050.0,Pomezní boudy,"Pomezní boudy, Horní Malá Úpa",ASS,POINT (15.82027 50.745472)
myGeographyPortal.272,H1STRA01,15.614722,50.663611,785.0,Strážné,Strážné,ASS,POINT (15.614722 50.663611)
myGeographyPortal.281,H2BILU01,16.209938,50.234904,319.0,Bílý Újezd,"Bílý Újezd, Hroška",ASS,POINT (16.209938 50.234904)
myGeographyPortal.283,H2CHOC01,16.200903,50.009544,282.0,Choceň,Choceň,ASS,POINT (16.200903 50.009544)
myGeographyPortal.284,H2CMEZ01,16.041312,50.282295,255.0,České Meziříčí,České Meziříčí,ASS,POINT (16.041312 50.282295)
myGeographyPortal.289,H2LUIS01,16.38829,50.287003,875.0,Luisino údolí,"Luisino údolí, Deštné v Orlických horách",ASS,POINT (16.38829 50.287003)
myGeographyPortal.290,H2OLES01,16.352829,50.374902,740.0,Olešnice,"Olešnice, Čihálka",ASS,POINT (16.352829 50.374902)
myGeographyPortal.291,H2OLVO01,16.328611,50.365556,670.0,Olešnice,"Olešnice, Vodárna",ASS,POINT (16.328611 50.365556)
myGeographyPortal.292,H2ORLI01,16.667424,50.026453,570.0,Orličky,Orličky,ASS,POINT (16.667424 50.026453)
myGeographyPortal.297,H2SLAZ01,16.3875,50.1375,401.0,Slatina nad Zdobnicí,Slatina nad Zdobnicí,ASS,POINT (16.3875 50.1375)
myGeographyPortal.300,H2ZDOB01,16.408505,50.247678,671.0,Zdobnice,Zdobnice,ASS,POINT (16.408505 50.247678)
myGeographyPortal.301,H3BAHN01,15.234033,49.866846,420.0,Bahno,Bahno,ASS,POINT (15.234033 49.866846)
myGeographyPortal.308,H3DYMO01,15.201165,50.248346,208.0,Dymokury,Dymokury,ASS,POINT (15.201165 50.248346)
myGeographyPortal.311,H3HERM01,15.673986,49.946639,275.0,Heřmanův Městec,Heřmanův Městec,ASS,POINT (15.673986 49.946639)
myGeographyPortal.314,H3HRTY01,15.909774,49.962057,241.0,Hrochův Týnec,Hrochův Týnec,ASS,POINT (15.909774 49.962057)
myGeographyPortal.317,H3KONA01,15.284988,50.03844,209.0,Konárovice,Konárovice,ASS,POINT (15.284988 50.03844)
myGeographyPortal.322,H3LIBA01,15.214447,50.370822,240.0,Libáň,Libáň,ASS,POINT (15.214447 50.370822)
myGeographyPortal.325,H3LUBN01,16.190554,49.773006,560.0,Lubná,Lubná,ASS,POINT (16.190554 49.773006)
myGeographyPortal.329,H3NHRA01,16.147668,49.850201,400.0,Nové Hrady,Nové Hrady,ASS,POINT (16.147668 49.850201)
myGeographyPortal.335,H3SLAT01,15.393348,50.379018,254.0,Slatiny,"Slatiny, Milíčeves",ASS,POINT (15.393348 50.379018)
myGeographyPortal.347,L1BORO01,13.727867,49.623944,651.0,Borovno,"Borovno, Míšov",ASS,POINT (13.727867 49.623944)
myGeographyPortal.348,L1CACH01,13.301694,49.264136,729.0,Čachrov,Čachrov,ASS,POINT (13.301694 49.264136)
myGeographyPortal.350,L1CHUD01,13.176421,49.465452,490.0,Chudenice,Chudenice,ASS,POINT (13.176421 49.465452)
myGeographyPortal.351,L1CKUB01,12.857804,49.367941,549.0,Česká Kubice,Česká Kubice,ASS,POINT (12.857804 49.367941)
myGeographyPortal.355,L1HTYN01,12.943746,49.528213,374.0,Horšovský Týn,Horšovský Týn,ASS,POINT (12.943746 49.528213)
myGeographyPortal.360,L1LOVC01,13.493545,49.402384,597.0,Lovčice,"Lovčice, Kvasetice",ASS,POINT (13.493545 49.402384)
myGeographyPortal.365,L1NEZV01,13.528521,49.635765,371.0,Nezvěstice,Nezvěstice,ASS,POINT (13.528521 49.635765)
myGeographyPortal.368,L1PIVO01,12.741932,49.490754,619.0,Pivoň,Pivoň,ASS,POINT (12.741932 49.490754)
myGeographyPortal.375,L1STOD01,13.166901,49.639696,337.0,Stod,Stod,ASS,POINT (13.166901 49.639696)
myGeographyPortal.381,L1ZRUD01,13.228729,49.138245,754.0,Železná Ruda,Železná Ruda,ASS,POINT (13.228729 49.138245)
myGeographyPortal.382,L2BELA01,12.581084,49.583431,511.0,Železná,Železná,ASS,POINT (12.581084 49.583431)
myGeographyPortal.383,L2BEZV01,13.054363,49.993664,699.0,Bezvěrov,Bezvěrov,ASS,POINT (13.054363 49.993664)
myGeographyPortal.385,L2DARM01,12.879505,49.643292,442.0,Staré Sedlo,"Staré Sedlo, Darmyšl",ASS,POINT (12.879505 49.643292)
myGeographyPortal.393,L2KOUN01,13.672193,50.214902,418.0,Kounov,Kounov,ASS,POINT (13.672193 50.214902)
myGeographyPortal.396,L2KVES01,13.861277,49.990212,405.0,Karlova Ves,Karlova Ves,ASS,POINT (13.861277 49.990212)
myGeographyPortal.397,L2LIBL01,13.5451,49.916487,299.0,Liblín,Liblín,ASS,POINT (13.5451 49.916487)
myGeographyPortal.402,L2PLAN01,12.735097,49.870952,505.0,Planá,Planá,ASS,POINT (12.735097 49.870952)
myGeographyPortal.406,L2RAKO01,13.738906,50.099307,313.0,Rakovník,Rakovník,ASS,POINT (13.738906 50.099307)
myGeographyPortal.407,L2ROKY01,13.582576,49.73725,370.0,Rokycany,Rokycany,ASS,POINT (13.582576 49.73725)
myGeographyPortal.409,L2STRA01,13.753217,49.742781,526.0,Strašice,Strašice,ASS,POINT (13.753217 49.742781)
myGeographyPortal.412,L2TERE01,13.707071,49.901862,402.0,Terešov,Terešov,ASS,POINT (13.707071 49.901862)
myGeographyPortal.414,L2ULIC01,13.143405,49.759189,428.0,Úlice,Úlice,ASS,POINT (13.143405 49.759189)
myGeographyPortal.420,L2ZLUT01,13.161287,50.096136,554.0,Žlutice,Žlutice,ASS,POINT (13.161287 50.096136)
myGeographyPortal.421,L3ABER01,12.816447,50.367742,893.0,Abertamy,Abertamy,ASS,POINT (12.816447 50.367742)
myGeographyPortal.423,L3BECO01,12.836484,50.081963,535.0,Bečov nad Teplou,Bečov nad Teplou,ASS,POINT (12.836484 50.081963)
myGeographyPortal.432,L3LAZY01,12.62322,50.05,845.0,Kynžvart,"Kynžvart, Lazy",ASS,POINT (12.62322 50.05)
myGeographyPortal.433,L3LUBY01,12.400238,50.256881,524.0,Luby,Luby,ASS,POINT (12.400238 50.256881)
myGeographyPortal.437,L3PREB01,12.615467,50.37246,904.0,Přebuz,Přebuz,ASS,POINT (12.615467 50.37246)
myGeographyPortal.441,L3STRA01,13.051677,50.338823,330.0,Stráž nad Ohří,Stráž nad Ohří,ASS,POINT (13.051677 50.338823)
myGeographyPortal.448,O1BELA01,17.1678,50.1586,670.0,Bělá pod Pradědem,"Bělá pod Pradědem, Filipovice",ASS,POINT (17.1678 50.1586)
myGeographyPortal.481,O1KARL01,17.454841,50.109463,502.0,Karlovice,Karlovice,ASS,POINT (17.454841 50.109463)
myGeographyPortal.487,O1LICH01,17.633611,50.011111,389.0,Lichnov,Lichnov,ASS,POINT (17.633611 50.011111)
myGeographyPortal.488,O1LORY01,17.41431,49.8691,594.0,Lomnice,Lomnice,ASS,POINT (17.41431 49.8691)
myGeographyPortal.534,O2BRAN01,17.0129,50.1324,548.0,Branná,"Branná, Františkov",ASS,POINT (17.0129 50.1324)
myGeographyPortal.535,O2CERO01,16.7394,50.0453,535.0,Červená Voda,Červená Voda,ASS,POINT (16.7394 50.0453)
myGeographyPortal.536,O2DSDN01,17.1794,50.0853,765.0,Dlouhé Stráně,"Dlouhé Stráně, Kouty nad Desnou",ASS,POINT (17.1794 50.0853)
myGeographyPortal.539,O2HOSJ01,16.7703,49.8744,305.0,Hoštejn,Hoštejn,ASS,POINT (16.7703 49.8744)
myGeographyPortal.543,O2LOSI01,17.051365,50.038056,411.0,Velké Losiny,Velké Losiny,ASS,POINT (17.051365 50.038056)
myGeographyPortal.549,O2OSKA01,17.134781,49.90482,360.0,Oskava,Oskava,ASS,POINT (17.134781 49.90482)
myGeographyPortal.565,O3HUSL01,18.1261,49.3,450.0,Huslenky,"Huslenky, Kychová",ASS,POINT (18.1261 49.3)
myGeographyPortal.578,O3VABY01,18.106298,49.416432,458.0,Valašská Bystřice,Valašská Bystřice,ASS,POINT (18.106298 49.416432)
myGeographyPortal.590,P1HVOZ01,13.8719,49.7983,425.0,Hvozdec,"Hvozdec, Mrtník",ASS,POINT (13.8719 49.7983)
myGeographyPortal.592,P1KAMY01,14.24637,49.63234,280.0,Kamýk nad Vltavou,Kamýk nad Vltavou,ASS,POINT (14.24637 49.63234)
myGeographyPortal.602,P1PBRE01,14.352689,50.080843,355.0,Praha,"Praha, Břevnov",ASS,POINT (14.352689 50.080843)
myGeographyPortal.618,P1SLAN01,14.0903,50.2369,307.0,Slaný,Slaný,ASS,POINT (14.0903 50.2369)
myGeographyPortal.620,P1VOZN01,14.2128,49.8192,385.0,Voznice,Voznice,ASS,POINT (14.2128 49.8192)
myGeographyPortal.623,P1ZLON01,14.0886,50.2847,231.0,Zlonice,Zlonice,ASS,POINT (14.0886 50.2847)
myGeographyPortal.628,P2BOSE01,15.0408,50.5194,390.0,Boseň,"Boseň, Mužský",ASS,POINT (15.0408 50.5194)
myGeographyPortal.638,P2JDUL01,15.228611,50.778056,623.0,Josefův Důl,Josefův Důl,ASS,POINT (15.228611 50.778056)
myGeographyPortal.644,P2KOST01,14.9614,50.1703,185.0,Kostomlaty nad Labem,Kostomlaty nad Labem,ASS,POINT (14.9614 50.1703)
myGeographyPortal.645,P2LOMN01,15.38,50.5383,485.0,Lomnice nad Popelkou,Lomnice nad Popelkou,ASS,POINT (15.38 50.5383)
myGeographyPortal.648,P2MSEN01,14.63399,50.44061,340.0,Mšeno,Mšeno,ASS,POINT (14.63399 50.44061)
myGeographyPortal.650,P2NVES01,14.7322,50.1764,170.0,Káraný,Káraný,ASS,POINT (14.7322 50.1764)
myGeographyPortal.652,P2ROPR01,15.4142,50.6514,550.0,Roprachtice,Roprachtice,ASS,POINT (15.4142 50.6514)
myGeographyPortal.654,P2SEMI01,15.3153,50.6133,370.0,Semily,Semily,ASS,POINT (15.3153 50.6133)
myGeographyPortal.656,P2STUD01,15.55,50.5528,532.0,Studenec,Studenec,ASS,POINT (15.55 50.5528)
myGeographyPortal.660,P2VYSK01,15.408523,50.682981,695.0,Vysoké nad Jizerou,Vysoké nad Jizerou,ASS,POINT (15.408523 50.682981)
myGeographyPortal.667,P3HABR01,15.4869,49.7519,467.0,Habry,Habry,ASS,POINT (15.4869 49.7519)
myGeographyPortal.671,P3HUMP02,15.35333,49.53528,540.0,Humpolec,Humpolec,ASS,POINT (15.35333 49.53528)
myGeographyPortal.678,P3MLVO01,14.8083,49.5375,445.0,Mladá Vožice,Mladá Vožice,ASS,POINT (14.8083 49.5375)
myGeographyPortal.685,P3PACO01,15.023611,49.463611,494.0,Pacov,Pacov,ASS,POINT (15.023611 49.463611)
myGeographyPortal.696,P3STOK01,15.5875,49.4983,530.0,Štoky,Štoky,ASS,POINT (15.5875 49.4983)
myGeographyPortal.704,P3ZDAR01,15.9364,49.5978,605.0,Žďár nad Sázavou,"Žďár nad Sázavou, Stržanov",ASS,POINT (15.9364 49.5978)
myGeographyPortal.705,P4BHRE01,15.162778,50.835,825.0,Bedřichov,"Bedřichov, Hřebínek",ASS,POINT (15.162778 50.835)
myGeographyPortal.706,P4BKRS01,15.18133,50.81484,805.0,Bedřichov,"Bedřichov, Kristiánov",ASS,POINT (15.18133 50.81484)
myGeographyPortal.707,P4BUPO01,15.193579,50.828693,875.0,Bedřichov,"Bedřichov, U Podkovy",ASS,POINT (15.193579 50.828693)
myGeographyPortal.708,P4HKAS01,15.276634,50.825752,912.0,Hejnice,"Hejnice, Kasárenská",ASS,POINT (15.276634 50.825752)
myGeographyPortal.711,P4KJEZ01,15.29299,50.80763,775.0,Kořenov,"Kořenov, Jezdecká",ASS,POINT (15.29299 50.80763)
myGeographyPortal.712,P4KJIC01,15.304489,50.840495,920.0,Kořenov,"Kořenov, Jizerská cesta",ASS,POINT (15.304489 50.840495)
myGeographyPortal.713,P4KKUR01,15.282713,50.831339,880.0,Kořenov,"Kořenov, Kůrovec",ASS,POINT (15.282713 50.831339)
myGeographyPortal.714,P4KLAS01,15.35118,50.832423,945.0,Kořenov,"Kořenov, Lasičí",ASS,POINT (15.35118 50.832423)
myGeographyPortal.725,U1DUBI01,13.80214,50.68056,402.0,Dubí,Dubí,ASS,POINT (13.80214 50.68056)
myGeographyPortal.727,U1HRIV01,13.732,50.292153,270.0,Hřivice,Hřivice,ASS,POINT (13.732 50.292153)
myGeographyPortal.728,U1HROB01,13.71953,50.654,360.0,Hrob,"Hrob, Křižanov",ASS,POINT (13.71953 50.654)
myGeographyPortal.731,U1KLIN01,13.55153,50.63875,807.0,Klíny,Klíny,ASS,POINT (13.55153 50.63875)
myGeographyPortal.734,U1LIBO01,14.04575,50.39983,165.0,Libochovice,"Libochovice, Poplze",ASS,POINT (14.04575 50.39983)
myGeographyPortal.736,U1MAST01,13.2828,50.2608,373.0,Mašťov,Mašťov,ASS,POINT (13.2828 50.2608)
myGeographyPortal.738,U1MERU01,13.79031,50.47908,367.0,Měrunice,"Měrunice, Žichov",ASS,POINT (13.79031 50.47908)
myGeographyPortal.740,U1MILS01,13.94231,50.53642,348.0,Milešov,Milešov,ASS,POINT (13.94231 50.53642)
myGeographyPortal.743,U1PEKL01,13.937667,50.767361,631.0,Petrovice,"Petrovice, Krásný Les",ASS,POINT (13.937667 50.767361)
myGeographyPortal.750,U1STRV01,14.255,50.36389,214.0,Straškov-Vodochody,Straškov-Vodochody,ASS,POINT (14.255 50.36389)
myGeographyPortal.753,U1TISA01,14.02167,50.78694,556.0,Tisá,Tisá,ASS,POINT (14.02167 50.78694)
myGeographyPortal.756,U1VECE01,13.58406,50.20283,329.0,Velká Černoc,Velká Černoc,ASS,POINT (13.58406 50.20283)
myGeographyPortal.763,U2CHOT01,14.87175,50.83897,260.0,Chotyně,Chotyně,ASS,POINT (14.87175 50.83897)
myGeographyPortal.765,U2CHRV01,14.95861,50.81872,314.0,Chrastava,Chrastava,ASS,POINT (14.95861 50.81872)
myGeographyPortal.767,U2DECT01,14.20433,50.69783,150.0,Děčín,"Děčín, Těchlovice",ASS,POINT (14.20433 50.69783)
myGeographyPortal.772,U2JANI01,15.17922,50.72931,495.0,Jablonec nad Nisou,Jablonec nad Nisou,ASS,POINT (15.17922 50.72931)
myGeographyPortal.774,U2KRIN01,14.907056,50.738722,395.0,Křižany,Křižany,ASS,POINT (14.907056 50.738722)
myGeographyPortal.778,U2MARE01,14.676,50.80967,395.0,Mařenice,Mařenice,ASS,POINT (14.676 50.80967)
myGeographyPortal.780,U2MIMO01,14.72494,50.65975,278.0,Mimoň,Mimoň,ASS,POINT (14.72494 50.65975)
myGeographyPortal.781,U2NBOR01,14.55719,50.75,358.0,Nový Bor,Nový Bor,ASS,POINT (14.55719 50.75)
myGeographyPortal.782,U2NMES01,15.23381,50.92358,473.0,Nové Město pod Smrkem,Nové Město pod Smrkem,ASS,POINT (15.23381 50.92358)
myGeographyPortal.783,U2PRED01,15.01814,50.96594,248.0,Višňová,Višňová,ASS,POINT (15.01814 50.96594)
myGeographyPortal.785,U2SLUK01,14.45525,51.002722,352.0,Šluknov,Šluknov,ASS,POINT (14.45525 51.002722)
myGeographyPortal.790,U2VERN01,14.30492,50.65789,507.0,Verneřice,Verneřice,ASS,POINT (14.30492 50.65789)
myGeographyPortal.792,U2ZAHR01,14.51467,50.61428,270.0,Zahrádky,Zahrádky,ASS,POINT (14.51467 50.61428)
myGeographyPortal.793,U2ZAND01,14.403417,50.708083,275.0,Žandov,"Žandov, Horní Police",ASS,POINT (14.403417 50.708083)
myGeographyPortal.794,U4BPCN01,15.152029,50.840168,820.0,Bedřichov,"Bedřichov, Prameny Černé Nisy",ASS,POINT (15.152029 50.840168)
myGeographyPortal.795,U4BPPC01,15.234862,50.853964,984.0,Bílý Potok,"Bílý Potok, Pavlova cesta",ASS,POINT (15.234862 50.853964)
myGeographyPortal.796,U4BPSM01,15.273405,50.845078,826.0,Bílý Potok,"Bílý Potok, Smědava",ASS,POINT (15.273405 50.845078)
myGeographyPortal.797,U4BPUJ01,15.292606,50.857536,916.0,Bílý Potok,"Bílý Potok, U Jeřábu",ASS,POINT (15.292606 50.857536)
myGeographyPortal.798,U4BTOM01,15.149511,50.834362,810.0,Bedřichov,"Bedřichov, Tomšovka",ASS,POINT (15.149511 50.834362)
myGeographyPortal.799,U4BUHL01,15.147065,50.824187,780.0,Bedřichov,"Bedřichov, Uhlířská",ASS,POINT (15.147065 50.824187)
myGeographyPortal.800,U4HKNA01,15.243308,50.830763,990.0,Hejnice,"Hejnice, Knajpa",ASS,POINT (15.243308 50.830763)
myGeographyPortal.801,U4SMHO01,15.252335,50.844961,1006.0,Hejnice,"Hejnice, Smědavská hora",ASS,POINT (15.252335 50.844961)
myGeographyPortal.1,B1BLAT01,17.4611,48.9465,211.0,Blatnice,Blatnice pod svatým Antonínkem,MSS,POINT (17.4611 48.9465)
myGeographyPortal.3,B1BUCH01,17.335389,49.089008,257.0,Buchlovice,Buchlovice,MSS,POINT (17.335389 49.089008)
myGeographyPortal.5,B1BZEN01,17.3055,48.9816,182.0,Bzenec,Bzenec,MSS,POINT (17.3055 48.9816)
myGeographyPortal.9,B1HODO01,17.104872,48.854292,172.0,Hodonín,Hodonín,MSS,POINT (17.104872 48.854292)
myGeographyPortal.14,B1KRAL01,17.1827,49.4597,210.0,Kralice na Hané,Kralice na Hané,MSS,POINT (17.1827 49.4597)
myGeographyPortal.16,B1KVAS01,17.4703,49.2453,190.0,Kvasice,Kvasice,MSS,POINT (17.4703 49.2453)
myGeographyPortal.17,B1LYSO01,16.968611,49.216667,275.0,Lysovice,Lysovice,MSS,POINT (16.968611 49.216667)
myGeographyPortal.18,B1MSLI01,17.2319,49.2417,289.0,Morkovice-Slížany,"Morkovice-Slížany, Slížany",MSS,POINT (17.2319 49.2417)
myGeographyPortal.19,B1NAMH01,17.065,49.605,247.0,Náměšť na Hané,Náměšť na Hané,MSS,POINT (17.065 49.605)
myGeographyPortal.20,B1NAPA01,17.5167,49.1833,185.0,Napajedla,Napajedla,MSS,POINT (17.5167 49.1833)
myGeographyPortal.21,B1NIVN01,17.64502,48.98061,241.0,Nivnice,Nivnice,MSS,POINT (17.64502 48.98061)
myGeographyPortal.22,B1PLUM01,17.0128,49.4683,303.0,Plumlov,Plumlov,MSS,POINT (17.0128 49.4683)
myGeographyPortal.26,B1RADE01,17.3348,48.8639,240.0,Radějov,Radějov,MSS,POINT (17.3348 48.8639)
myGeographyPortal.27,B1SLIN01,17.8783,49.0853,362.0,Slavičín,Slavičín,MSS,POINT (17.8783 49.0853)
myGeographyPortal.28,B1STHR01,17.8614,48.9681,412.0,Starý Hrozenkov,Starý Hrozenkov,MSS,POINT (17.8614 48.9681)
myGeographyPortal.33,B1UHBR01,17.6555,49.0255,222.0,Uherský Brod,Uherský Brod,MSS,POINT (17.6555 49.0255)
myGeographyPortal.34,B1UJED01,17.364444,49.211944,336.0,Újezdsko,Újezdsko,MSS,POINT (17.364444 49.211944)
myGeographyPortal.36,B1VELI01,17.7606,49.2875,392.0,Zlín,"Zlín, Velíková",MSS,POINT (17.7606 49.2875)
myGeographyPortal.37,B1VELV01,17.5167,48.8789,289.0,Velká nad Veličkou,Velká nad Veličkou,MSS,POINT (17.5167 48.8789)
myGeographyPortal.41,B2BABI01,16.6958,49.2889,470.0,Babice nad Svitavou,Babice nad Svitavou,MSS,POINT (16.6958 49.2889)
myGeographyPortal.42,B2BATE01,15.355278,49.278056,643.0,Batelov,"Batelov, Nová Ves",MSS,POINT (15.355278 49.278056)
myGeographyPortal.43,B2BITO01,15.73,48.938333,425.0,Bítov,Bítov,MSS,POINT (15.73 48.938333)
myGeographyPortal.44,B2BJUN01,16.5608,49.2019,260.0,Brno,"Brno, Jundrov",MSS,POINT (16.5608 49.2019)
myGeographyPortal.45,B2BLAN01,16.6503,49.3597,299.0,Blansko,Blansko,MSS,POINT (16.6503 49.3597)
myGeographyPortal.46,B2BOHD01,15.871783,49.481656,583.0,Bohdalov,Bohdalov,MSS,POINT (15.871783 49.481656)
myGeographyPortal.47,B2BOZI01,16.2881,48.8344,216.0,Božice,Božice,MSS,POINT (16.2881 48.8344)
myGeographyPortal.48,B2BRAS01,16.4353,48.9661,200.0,Branišovice,Branišovice,MSS,POINT (16.4353 48.9661)
myGeographyPortal.49,B2BRES01,16.5003,49.6597,387.0,Březová nad Svitavou,Březová nad Svitavou,MSS,POINT (16.5003 49.6597)
myGeographyPortal.53,B2BUCO01,17.014033,49.129881,238.0,Bučovice,"Bučovice, Kloboučky",MSS,POINT (17.014033 49.129881)
myGeographyPortal.54,B2BUDI01,16.0039,49.2717,485.0,Budišov,Budišov,MSS,POINT (16.0039 49.2717)
myGeographyPortal.58,B2BZID01,16.631111,49.1983,200.0,Brno,"Brno, Židenice",MSS,POINT (16.631111 49.1983)
myGeographyPortal.60,B2DACI01,15.4344,49.0831,486.0,Dačice,Dačice,MSS,POINT (15.4344 49.0831)
myGeographyPortal.61,B2DRNH01,16.48,48.8589,210.0,Drnholec,Drnholec,MSS,POINT (16.48 48.8589)
myGeographyPortal.62,B2DUBN01,17.1028,48.9208,200.0,Dubňany,Dubňany,MSS,POINT (17.1028 48.9208)
myGeographyPortal.64,B2DVES01,16.6414,48.8872,172.0,Dolní Věstonice,Dolní Věstonice,MSS,POINT (16.6414 48.8872)
myGeographyPortal.69,B2HROT01,16.0588,49.1105,425.0,Hrotovice,Hrotovice,MSS,POINT (16.0588 49.1105)
myGeographyPortal.70,B2HRUS01,16.9739,48.7919,174.0,Hrušky,Hrušky,MSS,POINT (16.9739 48.7919)
myGeographyPortal.72,B2HUST01,16.7258,48.9456,201.0,Hustopeče,Hustopeče,MSS,POINT (16.7258 48.9456)
myGeographyPortal.73,B2HYSL01,17.18,49.021389,217.0,Hýsly,Hýsly,MSS,POINT (17.18 49.021389)
myGeographyPortal.74,B2JARS01,16.2325,48.7553,190.0,Jaroslavice,Jaroslavice,MSS,POINT (16.2325 48.7553)
myGeographyPortal.78,B2KLOB01,16.8767,48.9961,205.0,Klobouky u Brna,Klobouky u Brna,MSS,POINT (16.8767 48.9961)
myGeographyPortal.80,B2KNIN01,16.692288,49.537004,369.0,Knínice u Boskovic,Knínice u Boskovic,MSS,POINT (16.692288 49.537004)
myGeographyPortal.82,B2KORC01,17.17,49.1028,305.0,Koryčany,Koryčany,MSS,POINT (17.17 49.1028)
myGeographyPortal.83,B2KRIZ01,16.0667,49.6833,615.0,Křižánky,"Křižánky, Moravské Křižánky",MSS,POINT (16.0667 49.6833)
myGeographyPortal.85,B2KURI01,16.5322,49.3006,291.0,Kuřim,Kuřim,MSS,POINT (16.5322 49.3006)
myGeographyPortal.86,B2LANZ01,16.9575,48.724722,158.0,Lanžhot,Lanžhot,MSS,POINT (16.9575 48.724722)
myGeographyPortal.87,B2LAZT01,15.786675,49.013078,432.0,Láz,Láz,MSS,POINT (15.786675 49.013078)
myGeographyPortal.89,B2LETO01,16.5767,49.5544,334.0,Letovice,Letovice,MSS,POINT (16.5767 49.5544)
myGeographyPortal.90,B2LISE01,16.183611,49.583611,688.0,Lísek,Lísek,MSS,POINT (16.183611 49.583611)
myGeographyPortal.91,B2LUKO01,15.9077,48.8566,403.0,Lukov,Lukov,MSS,POINT (15.9077 48.8566)
myGeographyPortal.92,B2MBRA01,16.4494,49.0825,210.0,Moravské Bránice,Moravské Bránice,MSS,POINT (16.4494 49.0825)
myGeographyPortal.94,B2MIKU01,16.6401,48.801911,224.0,Mikulov,Mikulov,MSS,POINT (16.6401 48.801911)
myGeographyPortal.95,B2MILE01,16.853889,49.083889,242.0,Milešovice,Milešovice,MSS,POINT (16.853889 49.083889)
myGeographyPortal.96,B2MIRO01,16.3197,48.9442,238.0,Miroslav,Miroslav,MSS,POINT (16.3197 48.9442)
myGeographyPortal.97,B2MKRU01,16.306463,49.039908,255.0,Moravský Krumlov,Moravský Krumlov,MSS,POINT (16.306463 49.039908)
myGeographyPortal.105,B2PAVL01,15.8772,49.3508,559.0,Pavlínov,Pavlínov,MSS,POINT (15.8772 49.3508)
myGeographyPortal.109,B2ROZS01,16.835258,49.398026,571.0,Rozstání,Rozstání,MSS,POINT (16.835258 49.398026)
myGeographyPortal.112,B2SEJR01,16.3103,49.4367,519.0,Sejřek,Sejřek,MSS,POINT (16.3103 49.4367)
myGeographyPortal.113,B2SLAB01,16.879167,49.1575,211.0,Slavkov u Brna,Slavkov u Brna,MSS,POINT (16.879167 49.1575)
myGeographyPortal.114,B2SOSU01,16.746944,49.414444,533.0,Šošůvka,Šošůvka,MSS,POINT (16.746944 49.414444)
myGeographyPortal.115,B2STAL01,15.2843,49.0292,639.0,Slavonice,"Slavonice, Stálkov",MSS,POINT (15.2843 49.0292)
myGeographyPortal.116,B2STEM01,15.7133,49.1936,617.0,Štěměchy,Štěměchy,MSS,POINT (15.7133 49.1936)
myGeographyPortal.117,B2STEP01,16.3333,49.5,365.0,Štěpánov nad Svratkou,Štěpánov nad Svratkou,MSS,POINT (16.3333 49.5)
myGeographyPortal.119,B2STRA01,16.198,49.4411,445.0,Strážek,Strážek,MSS,POINT (16.198 49.4411)
myGeographyPortal.121,B2SVLK01,16.550556,49.589167,395.0,Stvolová,"Stvolová, Skřib",MSS,POINT (16.550556 49.589167)
myGeographyPortal.122,B2TESA01,16.7658,49.0419,209.0,Těšany,Těšany,MSS,POINT (16.7658 49.0419)
myGeographyPortal.123,B2TREB01,15.87,49.2236,463.0,Třebíč,"Třebíč, Podklášteří",MSS,POINT (15.87 49.2236)
myGeographyPortal.126,B2VALT01,16.759167,48.745833,195.0,Valtice,Valtice,MSS,POINT (16.759167 48.745833)
myGeographyPortal.129,B2VEBI01,16.4317,49.2767,246.0,Veverská Bítýška,Veverská Bítýška,MSS,POINT (16.4317 49.2767)
myGeographyPortal.130,B2VECO01,16.2019,49.6153,550.0,Věcov,"Věcov, Jimramovské Pavlovice",MSS,POINT (16.2019 49.6153)
myGeographyPortal.131,B2VIRP01,16.3139,49.5642,473.0,Vír,Vír,MSS,POINT (16.3139 49.5642)
myGeographyPortal.133,B2VRAN01,15.8186,48.9056,354.0,Vranov nad Dyjí,Vranov nad Dyjí,MSS,POINT (15.8186 48.9056)
myGeographyPortal.135,B2ZAST01,16.36313,49.19298,375.0,Zastávka,Zastávka,MSS,POINT (16.36313 49.19298)
myGeographyPortal.137,B2ZIDL01,16.6152,49.0319,183.0,Židlochovice,Židlochovice,MSS,POINT (16.6152 49.0319)
myGeographyPortal.142,C1BAVO01,14.089722,49.123889,416.0,Bavorov,Bavorov,MSS,POINT (14.089722 49.123889)
myGeographyPortal.145,C1BLAT01,13.8731,49.4333,452.0,Blatná,Blatná,MSS,POINT (13.8731 49.4333)
myGeographyPortal.148,C1CDVU01,14.2378,48.8514,588.0,Červený Dvůr,"Červený Dvůr, Chvalšiny",MSS,POINT (14.2378 48.8514)
myGeographyPortal.155,C1FRAN01,14.100278,48.9825,726.0,Frantoly,Frantoly,MSS,POINT (14.100278 48.9825)
myGeographyPortal.157,C1HLHO01,13.6897,49.3486,445.0,Horažďovická Lhota,Horažďovická Lhota,MSS,POINT (13.6897 49.3486)
myGeographyPortal.161,C1KATO01,13.831944,49.270833,412.0,Katovice,Katovice,MSS,POINT (13.831944 49.270833)
myGeographyPortal.164,C1KHUT01,13.7722,48.9839,1010.0,Kubova Huť,Kubova Huť,MSS,POINT (13.7722 48.9839)
myGeographyPortal.172,C1NEMC01,14.2714,49.0308,436.0,Němčice,Němčice,MSS,POINT (14.2714 49.0308)
myGeographyPortal.178,C1PRCH01,13.9944,49.0078,607.0,Prachatice,Prachatice,MSS,POINT (13.9944 49.0078)
myGeographyPortal.183,C1SRNI01,13.4789,49.0869,857.0,Srní,Srní,MSS,POINT (13.4789 49.0869)
myGeographyPortal.184,C1STOZ01,13.821667,48.8569,797.0,Stožec,Stožec,MSS,POINT (13.821667 48.8569)
myGeographyPortal.188,C1SUSI01,13.5283,49.2381,484.0,Sušice,Sušice,MSS,POINT (13.5283 49.2381)
myGeographyPortal.190,C1TOCH01,13.9897,49.6003,494.0,Tochovice,Tochovice,MSS,POINT (13.9897 49.6003)
myGeographyPortal.197,C1ZALE01,13.8892,49.1078,569.0,Zálezly,Zálezly,MSS,POINT (13.8892 49.1078)
myGeographyPortal.199,C1ZAVI01,13.923056,49.487222,501.0,Závišín,Závišín,MSS,POINT (13.923056 49.487222)
myGeographyPortal.202,C2BENC01,14.6283,48.7311,665.0,Benešov nad Černou,Benešov nad Černou,MSS,POINT (14.6283 48.7311)
myGeographyPortal.203,C2BESE01,14.5689,48.7958,593.0,Besednice,Besednice,MSS,POINT (14.5689 48.7958)
myGeographyPortal.205,C2BORS01,14.439722,48.926667,404.0,Boršov nad Vltavou,Boršov nad Vltavou,MSS,POINT (14.439722 48.926667)
myGeographyPortal.206,C2BRLO01,14.2189,48.9269,559.0,Brloh,Brloh,MSS,POINT (14.2189 48.9269)
myGeographyPortal.211,C2CHYN01,14.810556,49.414167,492.0,Chýnov,Chýnov,MSS,POINT (14.810556 49.414167)
myGeographyPortal.213,C2DDVO01,14.453611,48.657222,613.0,Dolní Dvořiště,Dolní Dvořiště,MSS,POINT (14.453611 48.657222)
myGeographyPortal.215,C2HRNH01,14.8494,48.8181,479.0,Hranice,Hranice,MSS,POINT (14.8494 48.8181)
myGeographyPortal.217,C2JIST01,14.529167,49.484444,580.0,Jistebnice,Jistebnice,MSS,POINT (14.529167 49.484444)
myGeographyPortal.219,C2KARD01,14.8558,49.1864,450.0,Kardašova Řečice,Kardašova Řečice,MSS,POINT (14.8558 49.1864)
myGeographyPortal.220,C2KOVA01,14.2783,49.5172,529.0,Kovářov,Kovářov,MSS,POINT (14.2783 49.5172)
myGeographyPortal.222,C2LEDE01,14.618333,48.933333,496.0,Ledenice,Ledenice,MSS,POINT (14.618333 48.933333)
myGeographyPortal.223,C2LIPC01,14.764722,48.910556,469.0,Lipnice,Lipnice,MSS,POINT (14.764722 48.910556)
myGeographyPortal.224,C2LIPN01,14.2383,48.6336,730.0,Lipno,Lipno,MSS,POINT (14.2383 48.6336)
myGeographyPortal.225,C2LODH01,14.9625,49.2133,526.0,Lodhéřov,Lodhéřov,MSS,POINT (14.9625 49.2133)
myGeographyPortal.226,C2MALO01,14.5803,48.6856,694.0,Malonty,Malonty,MSS,POINT (14.5803 48.6856)
myGeographyPortal.227,C2MILE01,14.3706,49.4517,442.0,Milevsko,Milevsko,MSS,POINT (14.3706 49.4517)
myGeographyPortal.231,C2NVCE01,15.068611,49.223056,509.0,Nová Včelnice,Nová Včelnice,MSS,POINT (15.068611 49.223056)
myGeographyPortal.233,C2PASC01,14.107778,48.610833,848.0,Pasečná,"Pasečná, Přední Výtoň",MSS,POINT (14.107778 48.610833)
myGeographyPortal.234,C2PLAL01,14.7141,49.3426,425.0,Planá nad Lužnicí,Planá nad Lužnicí,MSS,POINT (14.7141 49.3426)
myGeographyPortal.237,C2PRID01,14.3608,48.7831,653.0,Přídolí,Přídolí,MSS,POINT (14.3608 48.7831)
myGeographyPortal.239,C2ROZS01,14.391111,48.697778,627.0,Rožmitál na Šumavě,Rožmitál na Šumavě,MSS,POINT (14.391111 48.697778)
myGeographyPortal.240,C2RUDJ01,14.579722,49.003611,562.0,Rudolfov,"Rudolfov, Jivno",MSS,POINT (14.579722 49.003611)
myGeographyPortal.241,C2SEVE01,14.566111,49.101389,501.0,Ševětín,Ševětín,MSS,POINT (14.566111 49.101389)
myGeographyPortal.243,C2SLAV01,14.2433,48.7642,777.0,Slavkov,Slavkov,MSS,POINT (14.2433 48.7642)
myGeographyPortal.244,C2SOBN01,14.5344,48.7469,526.0,Soběnov,Soběnov,MSS,POINT (14.5344 48.7469)
myGeographyPortal.247,C2SUCH01,14.8669,48.8928,457.0,Suchdol nad Lužnicí,Suchdol nad Lužnicí,MSS,POINT (14.8669 48.8928)
myGeographyPortal.251,C2TUCA01,14.8017,49.2919,454.0,Tučapy,Tučapy,MSS,POINT (14.8017 49.2919)
myGeographyPortal.259,H1BILA01,15.766135,50.457596,322.0,Bílá Třemešná,Bílá Třemešná,MSS,POINT (15.766135 50.457596)
myGeographyPortal.264,H1HORI01,15.7653,50.3069,271.0,Hořiněves,Hořiněves,MSS,POINT (15.7653 50.3069)
myGeographyPortal.268,H1NACH01,16.157201,50.395208,336.0,Náchod,Náchod,MSS,POINT (16.157201 50.395208)
myGeographyPortal.273,H1TEPL01,16.172543,50.578941,460.0,Teplice nad Metují,Teplice nad Metují,MSS,POINT (16.172543 50.578941)
myGeographyPortal.280,H2BELC01,15.94687,50.186901,247.0,Běleč nad Orlicí,Běleč nad Orlicí,MSS,POINT (15.94687 50.186901)
myGeographyPortal.286,H2DOBN01,16.281744,50.322178,627.0,Dobřany,Dobřany,MSS,POINT (16.281744 50.322178)
myGeographyPortal.288,H2LETO01,16.48707,50.03782,427.0,Letohrad,Letohrad,MSS,POINT (16.48707 50.03782)
myGeographyPortal.293,H2ORLZ01,16.468455,50.280707,690.0,Orlické Záhoří,Orlické Záhoří,MSS,POINT (16.468455 50.280707)
myGeographyPortal.302,H3BEST01,15.569633,49.829595,333.0,Běstvina,"Běstvina, Pařížov",MSS,POINT (15.569633 49.829595)
myGeographyPortal.305,H3CHLM01,15.462251,50.137135,213.0,Chlumec nad Cidlinou,"Chlumec nad Cidlinou, Lučice",MSS,POINT (15.462251 50.137135)
myGeographyPortal.307,H3DOBC01,15.638309,50.143231,275.0,Dobřenice,Dobřenice,MSS,POINT (15.638309 50.143231)
myGeographyPortal.310,H3HAMR01,15.914045,49.738323,605.0,Hamry,Hamry,MSS,POINT (15.914045 49.738323)
myGeographyPortal.318,H3KRIZ01,15.774205,49.865999,432.0,Křižanovice,Křižanovice,MSS,POINT (15.774205 49.865999)
myGeographyPortal.319,H3KRUC01,15.844811,49.688077,559.0,Krucemburk,Krucemburk,MSS,POINT (15.844811 49.688077)
myGeographyPortal.320,H3KUTH01,15.288261,49.965934,260.0,Kutná Hora,"Kutná Hora, Sedlec",MSS,POINT (15.288261 49.965934)
myGeographyPortal.324,H3LICO01,15.551646,49.914705,335.0,Licoměřice,Licoměřice,MSS,POINT (15.551646 49.914705)
myGeographyPortal.328,H3NECH01,15.659823,50.242972,245.0,Nechanice - Lubno,Nechanice - Lubno,MSS,POINT (15.659823 50.242972)
myGeographyPortal.338,H3TRST01,16.341265,49.807087,435.0,Trstěnice,Trstěnice,MSS,POINT (16.341265 49.807087)
myGeographyPortal.339,H3VMYT01,16.167796,49.962009,278.0,Vysoké Mýto,Vysoké Mýto,MSS,POINT (16.167796 49.962009)
myGeographyPortal.340,H3VYSC01,15.822131,49.755424,548.0,Vysočina,"Vysočina, Jančouř",MSS,POINT (15.822131 49.755424)
myGeographyPortal.342,H3ZEHU01,15.287765,50.133757,204.0,Žehuň,Žehuň,MSS,POINT (15.287765 50.133757)
myGeographyPortal.352,L1DNES01,13.267176,49.601684,370.0,Dnešice,Dnešice,MSS,POINT (13.267176 49.601684)
myGeographyPortal.357,L1KDYN01,13.045733,49.393642,475.0,Kdyně,Kdyně,MSS,POINT (13.045733 49.393642)
myGeographyPortal.359,L1LIBK01,13.135593,49.366344,574.0,Libkov,Libkov,MSS,POINT (13.135593 49.366344)
myGeographyPortal.361,L1LUZA01,13.317522,49.54908,358.0,Lužany,Lužany,MSS,POINT (13.317522 49.54908)
myGeographyPortal.364,L1NETU01,13.432035,49.61559,464.0,Netunice,Netunice,MSS,POINT (13.432035 49.61559)
myGeographyPortal.366,L1NYRS01,13.145794,49.294244,451.0,Nýrsko,Nýrsko,MSS,POINT (13.145794 49.294244)
myGeographyPortal.371,L1SEC001,13.506002,49.587397,398.0,Seč,Seč,MSS,POINT (13.506002 49.587397)
myGeographyPortal.372,L1SPIC01,13.231136,49.177061,945.0,Železná Ruda,"Železná Ruda, Špičák",MSS,POINT (13.231136 49.177061)
myGeographyPortal.373,L1SPOR01,13.604538,49.615175,420.0,Spálené Poříčí,Spálené Poříčí,MSS,POINT (13.604538 49.615175)
myGeographyPortal.376,L1STRA01,13.246905,49.30562,477.0,Strážov,Strážov,MSS,POINT (13.246905 49.30562)
myGeographyPortal.377,L1TRHA01,12.83535,49.41688,471.0,Trhanov,"Trhanov, Chodov",MSS,POINT (12.83535 49.41688)
myGeographyPortal.378,L1VSER01,12.984558,49.343917,445.0,Všeruby,Všeruby,MSS,POINT (12.984558 49.343917)
myGeographyPortal.379,L1ZINK01,13.497252,49.478113,459.0,Žinkovy,Žinkovy,MSS,POINT (13.497252 49.478113)
myGeographyPortal.380,L1ZIVO01,13.681495,49.470036,484.0,Životice,Životice,MSS,POINT (13.681495 49.470036)
myGeographyPortal.384,L2BORT01,12.770725,49.710653,471.0,Bor,Bor,MSS,POINT (12.770725 49.710653)
myGeographyPortal.386,L2DOBR01,13.689215,49.717616,417.0,Dobřív,Dobřív,MSS,POINT (13.689215 49.717616)
myGeographyPortal.388,L2HBEL01,13.248312,49.884347,513.0,Horní Bělá,"Horní Bělá, Vrtbo",MSS,POINT (13.248312 49.884347)
myGeographyPortal.390,L2HOLO01,13.71137,49.77498,433.0,Holoubkov,"Holoubkov, Medový Újezd",MSS,POINT (13.71137 49.77498)
myGeographyPortal.391,L2HROM01,13.445309,49.848142,336.0,Hromnice,Hromnice,MSS,POINT (13.445309 49.848142)
myGeographyPortal.398,L2MANE01,13.22757,49.992466,436.0,Manětín,Manětín,MSS,POINT (13.22757 49.992466)
myGeographyPortal.400,L2NEMA01,12.716909,49.431422,529.0,Nemanice,"Nemanice, Nemaničky",MSS,POINT (12.716909 49.431422)
myGeographyPortal.401,L2ORAC01,13.54839,50.10814,401.0,Oráčov,Oráčov,MSS,POINT (13.54839 50.10814)
myGeographyPortal.403,L2PLAS01,13.382176,49.933074,330.0,Plasy,Plasy,MSS,POINT (13.382176 49.933074)
myGeographyPortal.404,L2PLZR01,13.323199,49.765499,320.0,Plzeň,"Plzeň, Radčice",MSS,POINT (13.323199 49.765499)
myGeographyPortal.408,L2SLAB01,13.690636,49.992453,389.0,Slabce,"Slabce, Modřejovice",MSS,POINT (13.690636 49.992453)
myGeographyPortal.413,L2TSEK01,12.616463,49.943647,672.0,Tři Sekery,Tři Sekery,MSS,POINT (12.616463 49.943647)
myGeographyPortal.415,L2UNES01,13.128163,49.894104,573.0,Úněšov,"Úněšov, Číhaná",MSS,POINT (13.128163 49.894104)
myGeographyPortal.416,L2UTER01,13.001143,49.938609,489.0,Úterý,Úterý,MSS,POINT (13.001143 49.938609)
myGeographyPortal.417,L2VERU01,13.172377,50.140984,582.0,Verušičky,Verušičky,MSS,POINT (13.172377 50.140984)
myGeographyPortal.418,L2VICH01,12.945816,49.79351,506.0,Víchov,Víchov,MSS,POINT (12.945816 49.79351)
myGeographyPortal.425,L3FRAL01,12.351238,50.116796,435.0,Františkovy Lázně,Františkovy Lázně,MSS,POINT (12.351238 50.116796)
myGeographyPortal.426,L3HABA01,12.54853,50.180156,484.0,Habartov,Habartov,MSS,POINT (12.54853 50.180156)
myGeographyPortal.427,L3HAZL01,12.270389,50.159224,551.0,Hazlov,Hazlov,MSS,POINT (12.270389 50.159224)
myGeographyPortal.428,L3HROZ01,12.389416,50.025396,452.0,Starý Hrozňatov,Starý Hrozňatov,MSS,POINT (12.389416 50.025396)
myGeographyPortal.436,L3OLOV01,12.558916,50.246202,545.0,Oloví,Oloví,MSS,POINT (12.558916 50.246202)
myGeographyPortal.438,L3SEMN01,12.993213,50.245531,367.0,Šemnice,"Šemnice, Dubina",MSS,POINT (12.993213 50.245531)
myGeographyPortal.447,O1BEDO01,17.1991,50.15446,565.0,Bělá pod Pradědem,"Bělá pod Pradědem, Domašov",MSS,POINT (17.1991 50.15446)
myGeographyPortal.451,O1BILH01,18.3806,49.4222,770.0,Bílá,"Bílá, Hlavatá",MSS,POINT (18.3806 49.4222)
myGeographyPortal.452,O1BILO01,17.9917,49.7617,290.0,Bílovec,Bílovec,MSS,POINT (17.9917 49.7617)
myGeographyPortal.454,O1BUDI01,17.6319,49.7972,530.0,Budišov nad Budišovkou,Budišov nad Budišovkou,MSS,POINT (17.6319 49.7972)
myGeographyPortal.456,O1CERN01,17.1536,50.3092,320.0,Černá Voda,Černá Voda,MSS,POINT (17.1536 50.3092)
myGeographyPortal.459,O1DEHY01,18.1667,49.8694,292.0,Děhylov,Děhylov,MSS,POINT (18.1667 49.8694)
myGeographyPortal.460,O1DLOU01,17.5011,49.9592,520.0,Dlouhá Stráň,Dlouhá Stráň,MSS,POINT (17.5011 49.9592)
myGeographyPortal.463,O1FULN01,17.93251,49.7235,340.0,Fulnek,"Fulnek, Kostelec",MSS,POINT (17.93251 49.7235)
myGeographyPortal.465,O1HAMR01,18.4389,49.4681,527.0,Staré Hamry,"Staré Hamry, Samčanka",MSS,POINT (18.4389 49.4681)
myGeographyPortal.467,O1HAT001,18.2542,49.9458,220.0,Hať,Hať,MSS,POINT (18.2542 49.9458)
myGeographyPortal.468,O1HAVI01,18.4406,49.7656,259.0,Havířov,"Havířov, Bludovice",MSS,POINT (18.4406 49.7656)
myGeographyPortal.469,O1HERM01,17.3816,50.1985,665.0,Heřmanovice,Heřmanovice,MSS,POINT (17.3816 50.1985)
myGeographyPortal.471,O1HRAB01,18.0533,49.8783,395.0,Hrabyně,Hrabyně,MSS,POINT (18.0533 49.8783)
myGeographyPortal.472,O1HRAD01,17.8769,49.8728,275.0,Hradec nad Moravicí,Hradec nad Moravicí,MSS,POINT (17.8769 49.8728)
myGeographyPortal.473,O1HRCA01,18.834167,49.521111,612.0,Hrčava,Hrčava,MSS,POINT (18.834167 49.521111)
myGeographyPortal.474,O1HUKV01,18.2208,49.6428,292.0,Hukvaldy,"Hukvaldy, Rychaltice",MSS,POINT (18.2208 49.6428)
myGeographyPortal.480,O1JISL01,17.5231,50.2525,358.2,Jindřichov,Jindřichov,MSS,POINT (17.5231 50.2525)
myGeographyPortal.484,O1KLIM01,18.1347,49.7844,240.0,Klimkovice,Klimkovice,MSS,POINT (18.1347 49.7844)
myGeographyPortal.491,O1MAMO01,17.259444,50.025278,775.0,Malá Morávka,"Malá Morávka, Karlov",MSS,POINT (17.259444 50.025278)
myGeographyPortal.492,O1MELC01,17.756944,49.849444,478.0,Melč,Melč,MSS,POINT (17.756944 49.849444)
myGeographyPortal.493,O1MIKU01,17.3231,50.3006,321.0,Mikulovice,Mikulovice,MSS,POINT (17.3231 50.3006)
myGeographyPortal.494,O1MOLU01,18.55,49.532588,600.0,Morávka,"Morávka, Lúčka",MSS,POINT (18.55 49.532588)
myGeographyPortal.497,O1NERA01,18.4147,49.9153,208.0,Dolní Lutyně,"Dolní Lutyně, Nerad",MSS,POINT (18.4147 49.9153)
myGeographyPortal.498,O1NOJI01,18.031111,49.6,291.0,Nový Jičín,Nový Jičín,MSS,POINT (18.031111 49.6)
myGeographyPortal.499,O1NYDE01,18.755463,49.655692,400.0,Nýdek,Nýdek,MSS,POINT (18.755463 49.655692)
myGeographyPortal.501,O1ODRY01,17.82,49.670833,305.0,Odry,Odry,MSS,POINT (17.82 49.670833)
myGeographyPortal.503,O1OSCE01,18.400556,49.525833,435.0,Ostravice,Ostravice,MSS,POINT (18.400556 49.525833)
myGeographyPortal.506,O1PASK01,18.3031,49.7244,254.0,Paskov,Paskov,MSS,POINT (18.3031 49.7244)
myGeographyPortal.508,O1PRIB01,18.1342,49.6403,307.0,Příbor,Příbor,MSS,POINT (18.1342 49.6403)
myGeographyPortal.509,O1PSTR01,18.348889,49.559167,400.0,Pstruží,Pstruží,MSS,POINT (18.348889 49.559167)
myGeographyPortal.510,O1RAMZ01,17.0656,50.1944,740.0,Ostružná,"Ostružná, Ramzová",MSS,POINT (17.0656 50.1944)
myGeographyPortal.511,O1RASK01,18.4708,49.6228,397.0,Raškovice,Raškovice,MSS,POINT (18.4708 49.6228)
myGeographyPortal.515,O1RYMH01,17.286667,49.955833,643.0,Rýmařov,"Rýmařov, Harrachov",MSS,POINT (17.286667 49.955833)
myGeographyPortal.516,O1SENO01,18.380278,49.770556,258.0,Šenov,"Šenov, Lapačka",MSS,POINT (18.380278 49.770556)
myGeographyPortal.519,O1SKRI01,17.9139,49.8178,485.0,Skřipov,Skřipov,MSS,POINT (17.9139 49.8178)
myGeographyPortal.521,O1SUDI01,18.0736,50.0319,217.0,Sudice,Sudice,MSS,POINT (18.0736 50.0319)
myGeographyPortal.523,O1TEHR01,18.531667,49.735278,356.0,Těrlicko,"Těrlicko, Hradiště",MSS,POINT (18.531667 49.735278)
myGeographyPortal.524,O1TYRA01,18.6494,49.6258,500.0,Tyra,Tyra,MSS,POINT (18.6494 49.6258)
myGeographyPortal.526,O1VEKR01,17.179638,50.370798,235.0,Velká Kraš,Velká Kraš,MSS,POINT (17.179638 50.370798)
myGeographyPortal.527,O1VIDL01,17.2717,50.1056,774.0,Vidly,Vidly,MSS,POINT (17.2717 50.1056)
myGeographyPortal.532,O1ZLHR01,17.3926,50.263,407.0,Zlaté Hory,Zlaté Hory,MSS,POINT (17.3926 50.263)
myGeographyPortal.533,O2BEZD01,16.7567,49.7,315.0,Moravská Třebová,"Moravská Třebová, Bezděčí, Unerázka",MSS,POINT (16.7567 49.7)
myGeographyPortal.546,O2MIRO01,16.839447,49.796164,370.0,Mírov,"Mírov, Míroveček",MSS,POINT (16.839447 49.796164)
myGeographyPortal.547,O2OLKL01,17.264465,49.608795,215.0,Olomouc,"Olomouc, Klášterní Hradisko",MSS,POINT (17.264465 49.608795)
myGeographyPortal.552,O2SKLE01,16.8472,50.1278,730.0,Malá Morava,"Malá Morava, Sklené",MSS,POINT (16.8472 50.1278)
myGeographyPortal.554,O2STEP01,17.22473,49.68115,225.0,Štěpánov,Štěpánov,MSS,POINT (17.22473 49.68115)
myGeographyPortal.557,O2STKU01,16.9419,50.1928,658.0,Staré Město pod Sněžníkem,"Staré Město pod Sněžníkem, Kunčice",MSS,POINT (16.9419 50.1928)
myGeographyPortal.560,O2UJEZ01,17.482222,49.575556,358.0,Velký Újezd,Velký Újezd,MSS,POINT (17.482222 49.575556)
myGeographyPortal.562,O3BENE01,18.294392,49.397036,855.0,Velké Karlovice,"Velké Karlovice, Benešky",MSS,POINT (18.294392 49.397036)
myGeographyPortal.564,O3HRAN01,17.701389,49.5525,247.0,Hranice,"Hranice, Drahotuše",MSS,POINT (17.701389 49.5525)
myGeographyPortal.567,O3KELC01,17.8281,49.4731,300.0,Kelč,Kelč,MSS,POINT (17.8281 49.4731)
myGeographyPortal.568,O3LIDE01,18.052524,49.20948,450.0,Lidečko,Lidečko,MSS,POINT (18.052524 49.20948)
myGeographyPortal.569,O3LIPN01,17.590556,49.521944,227.0,Lipník nad Bečvou,Lipník nad Bečvou,MSS,POINT (17.590556 49.521944)
myGeographyPortal.572,O3POTS01,17.6764,49.6417,565.0,Potštát,"Potštát, Kyžlířov",MSS,POINT (17.6764 49.6417)
myGeographyPortal.575,O3RAJN01,17.8139,49.4111,405.0,Rajnochovice,Rajnochovice,MSS,POINT (17.8139 49.4111)
myGeographyPortal.577,O3ROZV01,18.112788,49.462778,362.0,Rožnov pod Radhoštěm,Rožnov pod Radhoštěm,MSS,POINT (18.112788 49.462778)
myGeographyPortal.583,O3ZDEC01,18.0772,49.2639,491.0,Zděchov,Zděchov,MSS,POINT (18.0772 49.2639)
myGeographyPortal.587,P1BERO01,14.0642,49.9711,265.0,Beroun,Beroun,MSS,POINT (14.0642 49.9711)
myGeographyPortal.588,P1CHRU01,14.1567,49.9964,255.0,Chrustenice,Loděnice,MSS,POINT (14.1567 49.9964)
myGeographyPortal.591,P1JILS01,14.3319,49.9233,354.0,Jíloviště,Jíloviště,MSS,POINT (14.3319 49.9233)
myGeographyPortal.593,P1KOLE01,14.2378,50.1989,240.0,Koleč,Koleč,MSS,POINT (14.2378 50.1989)
myGeographyPortal.595,P1KRIV01,13.8808,50.0381,323.0,Křivoklát,Křivoklát,MSS,POINT (13.8808 50.0381)
myGeographyPortal.597,P1LITE01,14.1506,49.9033,320.0,Liteň,Liteň,MSS,POINT (14.1506 49.9033)
myGeographyPortal.598,P1MNIS01,14.2625,49.8694,367.0,Mníšek pod Brdy,Mníšek pod Brdy,MSS,POINT (14.2625 49.8694)
myGeographyPortal.599,P1NBEL01,14.2017,49.7067,465.0,Nečín,"Nečín, Bělohrad",MSS,POINT (14.2017 49.7067)
myGeographyPortal.601,P1NSTR01,13.8942,50.1456,482.0,Nové Strašecí,Nové Strašecí,MSS,POINT (13.8942 50.1456)
myGeographyPortal.603,P1PCHO01,14.5,50.0294,297.0,Praha,"Praha, Chodov",MSS,POINT (14.5 50.0294)
myGeographyPortal.610,P1PODL01,13.9806,49.6897,510.0,Podlesí,Podlesí,MSS,POINT (13.9806 49.6897)
myGeographyPortal.614,P1PSUC01,14.3906,50.1436,268.0,Praha,"Praha, Suchdol",MSS,POINT (14.3906 50.1436)
myGeographyPortal.616,P1PZKO01,14.3178,50.0072,330.0,Praha,"Praha, Zadní Kopanina",MSS,POINT (14.3178 50.0072)
myGeographyPortal.617,P1RPET01,13.9369,49.8272,360.0,Rpety,Rpety,MSS,POINT (13.9369 49.8272)
myGeographyPortal.619,P1UVAL01,14.7111,50.0772,260.0,Úvaly,Úvaly,MSS,POINT (14.7111 50.0772)
myGeographyPortal.621,P1ZBEC01,13.935,50.0614,262.0,Zbečno,Zbečno,MSS,POINT (13.935 50.0614)
myGeographyPortal.622,P1ZDIC01,13.9714,49.9108,305.0,Zdice,Zdice,MSS,POINT (13.9714 49.9108)
myGeographyPortal.624,P2BAKO01,14.9394,50.4806,220.0,Bakov nad Jizerou,Bakov nad Jizerou,MSS,POINT (14.9394 50.4806)
myGeographyPortal.625,P2BAST01,14.4622,50.205,230.0,Bašť,"Bašť, Baštěk",MSS,POINT (14.4622 50.205)
myGeographyPortal.626,P2BENE01,15.5499,50.6713,780.0,Benecko,Benecko,MSS,POINT (15.5499 50.6713)
myGeographyPortal.630,P2BROD01,14.8661,50.3347,220.0,Brodce,Brodce,MSS,POINT (14.8661 50.3347)
myGeographyPortal.632,P2CHOT01,14.810102,50.337419,260.0,Chotětov,Chotětov,MSS,POINT (14.810102 50.337419)
myGeographyPortal.639,P2JILE01,15.5125,50.6014,462.0,Jilemnice,Jilemnice,MSS,POINT (15.5125 50.6014)
myGeographyPortal.640,P2JIVI01,14.9492,50.5539,308.0,Jivina,Jivina,MSS,POINT (14.9492 50.5539)
myGeographyPortal.643,P2KOSA01,14.7046,50.3255,210.0,Kropáčova Vrutice,"Kropáčova Vrutice, Střížovice",MSS,POINT (14.7046 50.3255)
myGeographyPortal.646,P2MLBO01,14.91405,50.42267,221.0,Mladá Boleslav,Mladá Boleslav,MSS,POINT (14.91405 50.42267)
myGeographyPortal.649,P2NPAK01,15.5136,50.49,450.0,Nová Paka,Nová Paka,MSS,POINT (15.5136 50.49)
myGeographyPortal.651,P2ROKY01,15.4229,50.7319,525.0,Rokytnice nad Jizerou,"Rokytnice nad Jizerou, Vilémov",MSS,POINT (15.4229 50.7319)
myGeographyPortal.655,P2SMRZ01,15.2511,50.7294,550.0,Smržovka,Smržovka,MSS,POINT (15.2511 50.7294)
myGeographyPortal.659,P2VSEL01,14.950609,50.648954,392.0,Všelibice,Všelibice,MSS,POINT (14.950609 50.648954)
myGeographyPortal.661,P2ZBRO01,15.2517,50.6408,290.0,Železný Brod,Železný Brod,MSS,POINT (15.2517 50.6408)
myGeographyPortal.662,P3BENS01,14.69668,49.78862,343.0,Benešov,Benešov,MSS,POINT (14.69668 49.78862)
myGeographyPortal.663,P3BOHD01,15.2239,49.7786,460.0,Bohdaneč,Bohdaneč,MSS,POINT (15.2239 49.7786)
myGeographyPortal.664,P3BOZE01,15.1528,49.3608,611.0,Božejov,Božejov,MSS,POINT (15.1528 49.3608)
myGeographyPortal.665,P3DCHV01,15.0656,49.9833,290.0,Dolní Chvatliny,Dolní Chvatliny,MSS,POINT (15.0656 49.9833)
myGeographyPortal.666,P3DKRA01,15.1597,49.6625,420.0,Dolní Kralovice,"Dolní Kralovice, Střítež",MSS,POINT (15.1597 49.6625)
myGeographyPortal.670,P3HUMP01,15.35278,49.54694,515.0,Humpolec,Humpolec,MSS,POINT (15.35278 49.54694)
myGeographyPortal.672,P3JABL01,14.4519,49.7808,330.0,Jablonná,Jablonná,MSS,POINT (14.4519 49.7808)
myGeographyPortal.673,P3JILO01,14.4681,49.8994,350.0,Jílové u Prahy,Jílové u Prahy,MSS,POINT (14.4681 49.8994)
myGeographyPortal.675,P3KOST01,14.8356,50.0044,360.0,Kostelec n. Černými Lesy,Kostelec n. Černými Lesy,MSS,POINT (14.8356 50.0044)
myGeographyPortal.676,P3KOZM01,14.7942,49.8264,500.0,Kozmice,Kozmice,MSS,POINT (14.7942 49.8264)
myGeographyPortal.677,P3LEDS01,15.284048,49.698597,408.0,Ledeč nad Sázavou,Ledeč nad Sázavou,MSS,POINT (15.284048 49.698597)
myGeographyPortal.679,P3NACE01,14.9086,49.6044,502.0,Načeradec,Načeradec,MSS,POINT (14.9086 49.6044)
myGeographyPortal.681,P3NIZK01,15.8067,49.5325,526.0,Nížkov,Nížkov,MSS,POINT (15.8067 49.5325)
myGeographyPortal.686,P3PELH01,15.2344,49.4336,520.0,Pelhřimov,Pelhřimov,MSS,POINT (15.2344 49.4336)
myGeographyPortal.687,P3POLN01,15.7061,49.4864,480.0,Polná,Polná,MSS,POINT (15.7061 49.4864)
myGeographyPortal.688,P3POST01,14.7833,49.7306,421.0,Postupice,Postupice,MSS,POINT (14.7833 49.7306)
myGeographyPortal.690,P3PSAR01,14.9678,49.7536,475.0,Psáře,Psáře,MSS,POINT (14.9678 49.7536)
myGeographyPortal.691,P3REND01,15.08814,49.76873,444.0,Řendějov,"Řendějov, Nový Samechov",MSS,POINT (15.08814 49.76873)
myGeographyPortal.692,P3RICA01,14.6717,50.0003,385.0,Říčany,Říčany,MSS,POINT (14.6717 50.0003)
myGeographyPortal.693,P3SAZA01,14.901245,49.876432,350.0,Sázava,Sázava,MSS,POINT (14.901245 49.876432)
myGeographyPortal.694,P3SIMA01,15.4486,49.4614,630.0,Šimanov,Šimanov,MSS,POINT (15.4486 49.4614)
myGeographyPortal.697,P3STOK02,15.590556,49.501389,520.0,Štoky,Štoky,MSS,POINT (15.590556 49.501389)
myGeographyPortal.698,P3STRE01,14.6181,49.5381,588.0,Střezimíř,Střezimíř,MSS,POINT (14.6181 49.5381)
myGeographyPortal.699,P3SVET01,15.4075,49.6728,410.0,Světlá nad Sázavou,Světlá nad Sázavou,MSS,POINT (15.4075 49.6728)
myGeographyPortal.700,P3VELI01,14.8233,49.6664,451.0,Veliš,Veliš,MSS,POINT (14.8233 49.6664)
myGeographyPortal.702,P3VOTI01,14.6333,49.6433,450.0,Votice,Votice,MSS,POINT (14.6333 49.6433)
myGeographyPortal.703,P3ZAHR01,14.5886,49.7325,358.0,Maršovice,"Maršovice, Zahrádka",MSS,POINT (14.5886 49.7325)
myGeographyPortal.717,U1BILI01,13.775657,50.539526,270.0,Bílina,Bílina,MSS,POINT (13.775657 50.539526)
myGeographyPortal.718,U1BOLR01,13.415082,50.537395,600.0,Boleboř,Boleboř,MSS,POINT (13.415082 50.537395)
myGeographyPortal.720,U1CEJI01,13.58558,50.68706,740.0,Český Jiřetín,"Český Jiřetín, Fláje",MSS,POINT (13.58558 50.68706)
myGeographyPortal.721,U1CHOM01,13.39711,50.46225,362.0,Chomutov,Chomutov,MSS,POINT (13.39711 50.46225)
myGeographyPortal.722,U1CITO01,13.8164,50.3361,235.0,Cítoliby,Cítoliby,MSS,POINT (13.8164 50.3361)
myGeographyPortal.723,U1DLAZ01,13.95222,50.47,278.0,Dlažkovice,Dlažkovice,MSS,POINT (13.95222 50.47)
myGeographyPortal.726,U1HORB01,14.465,50.3422,158.0,Hořín,Hořín,MSS,POINT (14.465 50.3422)
myGeographyPortal.729,U1JILO01,14.10183,50.76642,310.0,Jílové,Jílové,MSS,POINT (14.10183 50.76642)
myGeographyPortal.733,U1KRIM01,13.31453,50.499,570.0,Křimov,Křimov,MSS,POINT (13.31453 50.499)
myGeographyPortal.735,U1LUKO01,13.88453,50.52756,502.0,Lukov,Lukov,MSS,POINT (13.88453 50.52756)
myGeographyPortal.742,U1PAST01,13.38189,50.07036,470.0,Velečín,"Velečín, Pastuchovice",MSS,POINT (13.38189 50.07036)
myGeographyPortal.744,U1PERU01,13.9542,50.3386,350.0,Peruc,Peruc,MSS,POINT (13.9542 50.3386)
myGeographyPortal.745,U1ROUL01,14.25439,50.42622,175.0,Roudnice nad Labem,Roudnice nad Labem,MSS,POINT (14.25439 50.42622)
myGeographyPortal.751,U1TELN01,13.964611,50.725083,340.0,Telnice,"Telnice, Varvažov",MSS,POINT (13.964611 50.725083)
myGeographyPortal.757,U1VYSL01,13.23853,50.46428,738.0,Výsluní,Výsluní,MSS,POINT (13.23853 50.46428)
myGeographyPortal.760,U2BENP01,14.31186,50.74422,250.0,Benešov nad Ploučnicí,Benešov nad Ploučnicí,MSS,POINT (14.31186 50.74422)
myGeographyPortal.761,U2CEKA01,14.42017,50.80283,319.0,Česká Kamenice,Česká Kamenice,MSS,POINT (14.42017 50.80283)
myGeographyPortal.764,U2CHRI01,14.52456,50.85289,440.0,Chřibská,"Chřibská, Horní Chřibská",MSS,POINT (14.52456 50.85289)
myGeographyPortal.769,U2DUBA01,14.555594,50.536399,258.0,Dubá,"Dubá, Nedamov",MSS,POINT (14.555594 50.536399)
myGeographyPortal.776,U2LITM01,14.119889,50.532111,172.5,Litoměřice,Litoměřice,MSS,POINT (14.119889 50.532111)
myGeographyPortal.777,U2LOBE01,14.31347,51.01965,350.0,Lobendava,Lobendava,MSS,POINT (14.31347 51.01965)
myGeographyPortal.779,U2MFOJ01,15.05856,50.82725,395.0,Mníšek,"Mníšek, Fojtka",MSS,POINT (15.05856 50.82725)
myGeographyPortal.784,U2RUMB01,14.57086,50.95156,390.0,Rumburk,Rumburk,MSS,POINT (14.57086 50.95156)
myGeographyPortal.788,U2USHA01,14.30925,50.59617,280.0,Úštěk,"Úštěk, Habřina",MSS,POINT (14.30925 50.59617)
myGeographyPortal.791,U2VYSO01,14.537361,50.411611,300.0,Vysoká,Vysoká,MSS,POINT (14.537361 50.411611)
myGeographyPortal.545,O2MEHL01,17.037966,49.782412,268.0,Medlov,"Medlov, Hlivice",MKS,POINT (17.037966 49.782412)
myGeographyPortal.607,P1PKLM01,14.416436,50.086341,190.7,Praha,"Praha, Klementinum",MKS,POINT (14.416436 50.086341)
myGeographyPortal.138,B4HERA01,15.960258,49.694406,685.0,Herálec,Herálec,ASNS,POINT (15.960258 49.694406)
myGeographyPortal.140,B4SUMR01,15.330078,49.175992,650.0,Studená,"Studená, Sumrakov",ASNS,POINT (15.330078 49.175992)
myGeographyPortal.141,B4ZITK01,17.867778,48.9925,705.0,Žítková,Žítková,ASNS,POINT (17.867778 48.9925)
myGeographyPortal.253,C4JAPI01,13.421341,49.036142,1062.0,Prášily,"Prášily, Javoří Pila",ASNS,POINT (13.421341 49.036142)
myGeographyPortal.254,C4KEPZ01,13.316389,49.183611,928.0,Kepelské Zhůří,Kepelské Zhůří,ASNS,POINT (13.316389 49.183611)
myGeographyPortal.255,C4STHU01,14.706464,48.71085,780.0,Staré Hutě,Staré Hutě,ASNS,POINT (14.706464 48.71085)
myGeographyPortal.256,C4VETR01,13.836944,48.978611,1157.0,Větřín,Větřín,ASNS,POINT (13.836944 48.978611)
myGeographyPortal.257,C4ZBYT01,13.969167,48.925833,792.0,Zbytiny,"Zbytiny, Spálenec",ASNS,POINT (13.969167 48.925833)
myGeographyPortal.258,C4ZLST01,13.336389,49.104444,1197.0,Zlatý stoleček,Zlatý stoleček,ASNS,POINT (13.336389 49.104444)
myGeographyPortal.343,H4DDHP01,15.654731,50.676074,875.0,Dolní Dvůr,"Dolní Dvůr, Hanapetrova paseka",ASNS,POINT (15.654731 50.676074)
myGeographyPortal.344,H4LUIS01,16.38829,50.287003,875.0,Luisino údolí,"Luisino údolí, Deštné v Orlických horách",ASNS,POINT (16.38829 50.287003)
myGeographyPortal.345,H4SUVR01,16.693368,50.049859,995.0,Suchý vrch,Suchý vrch,ASNS,POINT (16.693368 50.049859)
myGeographyPortal.442,L4LAKY01,12.641703,50.011397,835.0,Lázně Kynžvart,"Lázně Kynžvart, Královka",ASNS,POINT (12.641703 50.011397)
myGeographyPortal.443,L4PERK01,12.779285,50.363232,842.0,Pernink,Pernink,ASNS,POINT (12.779285 50.363232)
myGeographyPortal.444,L4PRAH01,13.81838,49.65889,862.0,Praha,"Praha, Brdy",ASNS,POINT (13.81838 49.65889)
myGeographyPortal.445,L4RYBN01,12.69832,49.515385,710.0,Rybník,Rybník,ASNS,POINT (12.69832 49.515385)
myGeographyPortal.446,L4TESL01,13.761819,49.619132,720.0,Věšín,"Věšín, Teslíny",ASNS,POINT (13.761819 49.619132)
myGeographyPortal.585,O4BENE01,18.292204,49.396303,850.0,Velké Karlovice,"Velké Karlovice, Benešky",ASNS,POINT (18.292204 49.396303)
myGeographyPortal.586,O4KLEP01,17.133821,50.007192,700.0,Sobotín,"Sobotín, Klepáčov",ASNS,POINT (17.133821 50.007192)
myGeographyPortal.709,P4JABL01,15.438379,50.695027,439.0,Jablonec nad Jizerou,Jablonec nad Jizerou,ASNS,POINT (15.438379 50.695027)
myGeographyPortal.710,P4JDRO01,15.22405,50.82287,993.0,Josefův Důl,"Josefův Důl, Rozmezí",ASNS,POINT (15.22405 50.82287)
myGeographyPortal.715,P4KOZA01,15.263056,50.594444,744.0,Kozákov,Kozákov,ASNS,POINT (15.263056 50.594444)
myGeographyPortal.716,P4POLA01,14.844278,49.455925,680.0,Chotčiny,"Chotčiny, Polánka",ASNS,POINT (14.844278 49.455925)
myGeographyPortal.802,U4ZAKO01,13.354974,50.549858,828.0,Zákoutí,Zákoutí,ASNS,POINT (13.354974 50.549858)
